电影名称,类型,上映日期,评价数,评分,主演
福尔摩斯二世,"喜剧,动作,爱情",1924-04-21,22619,9.5,"巴斯特·基顿,凯瑟琳·麦奎尔,乔·基顿,Ward Crane,Jane Connelly,George Davis,Doris Deane,Betsy Ann Hisle,丘比·摩根,John Patrick,Ford West"
这个杀手不太冷,"剧情,动作,犯罪",1994-09-14,2145197,9.4,"让·雷诺,娜塔莉·波特曼,加里·奥德曼,丹尼·爱罗,彼得·阿佩尔,迈克尔·巴达鲁科,艾伦·格里尼,伊丽莎白·瑞根,卡尔·马图斯维奇,弗兰克·赛格,麦温,乔治·马丁,罗伯特·拉萨多,亚当·布斯奇,马里奥·托迪斯科,萨米·纳塞利,让·雨果·安格拉德,埃莱娜·卡多纳,沈晓谦,大塚明夫,Keith A. Glascoe"
切腹,"剧情,动作,悬疑",1962-09-16,38463,9.4,"仲代达矢,石浜朗,岩下志麻,丹波哲郎,三岛雅夫,中谷一郎,佐藤庆,稻叶义男,井川比佐志,武内亨,青木义朗,松村达雄,小林昭二,富田仲次郎,结城一朗,三国连太郎"
指环王3：王者无敌,"剧情,动作,奇幻,冒险",2004-03-12,739567,9.3,"伊利亚·伍德,西恩·奥斯汀,维果·莫腾森,奥兰多·布鲁姆,伊恩·麦克莱恩,肖恩·宾,多米尼克·莫纳汉,丽芙·泰勒,约翰·贝西,凯特·布兰切特,比利·博伊德,萨德文·布罗菲,阿利斯泰尔·布朗宁,马尔顿·索克斯,伯纳德·希尔,伊安·霍姆,布鲁斯·霍普金斯,Ian Hughes,劳伦斯·马克奥雷,诺埃尔·阿普利比,布雷特·麦肯齐,Alexandra Astin,Sarah McLeod,Maisy McLeod-Riera,约翰·诺贝尔,Paul Norell,米兰达·奥图,布鲁斯·菲利普斯,沙恩·朗吉,约翰·瑞斯-戴维斯,Todd Rippon,安迪·瑟金斯,Harry Sinclair,乔尔·托贝克,卡尔·厄本,史蒂芬·乌瑞,雨果·维文,大卫·文翰,阿兰·霍华德,萨拉·贝克,Robert Pollock,佩特·史密斯,杰德·布罗菲,菲利普·格里夫,布拉德·道里夫,克里斯托弗·李,布鲁斯·斯宾斯,吉诺·阿赛维多,Jarl Benzon,Jørn Benzon,Robert Catto,Michael Elsworth,彼得·杰克逊,Sandro Kopp,安德鲁·莱斯尼,约瑟夫·米卡-亨特,亨利·莫腾森,克雷格·帕克,克里斯蒂安·瑞沃斯,迈克尔·斯曼内科 ,霍华德·肖,约翰·斯蒂芬森,理查德·泰勒,张磊,姜广涛,周志强,金永钢"
七武士,"动作,冒险,剧情",1954-04-26,180092,9.3,"三船敏郎,志村乔,津岛惠子,岛崎雪子,藤原釜足,加东大介,木村功,千秋实,宫口精二,小杉义男,左卜全,稻叶义男,土屋嘉男,高堂国典,东野英治郎,上田吉二郎,多多良纯,渡边笃,小川虎之助,山形勋,上山草人,清水元,高木新平,大友伸,高原骏雄,稻垣三郎,堺左千夫,千石规子,本间文子,大久保正信,伊藤实,大村千吉,广濑正一,宇野晃司,谷晃,中岛春雄,清水美恵,熊谷卓三,夏木顺平,岩本弘司,堤康久,马野都留子,森今日子,加藤武,仲代达矢,宇津井健,山本廉,东静子"
少年骇客：变身之谜,"动作,科幻,动画,冒险",2007-08-10,1273,9.3,"塔拉·斯特朗,梅根·史密斯,保罗·伊丁,吉姆·瓦德,戴夫·维滕博格,Claudia Schmidt,德怀特·舒尔茨,瓦内萨·马歇尔,理查德·麦克格纳格尔,理查德·史蒂文·霍维茨,史蒂夫·布卢姆,迪·布拉雷·贝克尔,罗伯特·大卫·豪尔"
蝙蝠侠：黑暗骑士,"剧情,动作,科幻,犯罪,惊悚",2008-07-14,977828,9.2,"克里斯蒂安·贝尔,希斯·莱杰,艾伦·艾克哈特,迈克尔·凯恩,玛吉·吉伦哈尔,加里·奥德曼,摩根·弗里曼,莫尼克·加布里埃拉·库尔内,罗恩·迪恩,基里安·墨菲,黄经汉,内斯特·卡博内尔,埃里克·罗伯茨,里特奇·科斯特,安东尼·迈克尔·豪尔,基斯·斯扎拉巴基克,柯林·麦克法兰,约书亚·哈尔托,美琳达·麦格劳,内森·甘宝,迈克尔·维约,迈克尔·斯托扬诺夫,威廉·斯米利,丹尼·高德林,迈克尔·加·怀特,马修·奥尼尔,威廉·菲克纳,欧鲁米基·欧拉乌米,格雷格·比姆,爱利克·赫尔曼,毕崔斯·罗森,文森佐·尼克力,陈冠希,亚当·卡莱佩里斯,罗南·萨莫尔斯,玛丽扎·卡布蕾拉,Tina Simmons,大卫·达斯马齐连,利萨·麦克阿里斯特,理查德·迪兰"
指环王2：双塔奇兵,"剧情,动作,奇幻,冒险",2003-04-25,690837,9.2,"伊利亚·伍德,西恩·奥斯汀,多米尼克·莫纳汉,奥兰多·布鲁姆,维果·莫腾森,伊恩·麦克莱恩,凯特·布兰切特,比利·博伊德,杰德·布罗菲,丽芙·泰勒,安迪·瑟金斯,米兰达·奥图,雨果·维文,布拉德·道里夫,卡卢姆·吉廷斯,伯纳德·希尔,布鲁斯·霍普金斯,克里斯托弗·李,纳撒尼尔·利斯,罗宾·马尔科姆,约翰·贝西,萨拉·贝克,克雷格·帕克,布鲁斯·菲利普斯,Robert Pollock,约翰·瑞斯-戴维斯,奥利维亚·田內,卡尔·厄本,史蒂芬·乌瑞,大卫·文翰,菲利普·格里夫,肖恩·宾,约翰·诺贝尔,Jarl Benzon,Jørn Benzon,Ben Britton,阿利斯泰尔·布朗宁,Sean Button,Robert Catto,罗德尼·库克,卡尔洛斯·德林克沃特,西奥沙福瓦,本·弗兰舍姆,Jonathan Harding,Lucas Hayward,丹·汉纳,保罗·霍姆斯,杰森霍德,彼得·杰克逊,Sam Kelly,Sandro Kopp,姜广涛,张磊,陆建艺,金永钢,劳伦斯·马克奥雷,布鲁克·奥佩斯,周志强"
鬼灭之刃 那田蜘蛛山篇,"剧情,动作,奇幻",2020-10-17,15094,9.2,"花江夏树,鬼头明里,下野纮,松冈祯丞"
赛文奥特曼 我是地球人,"动作,科幻",1999-12-31,2346,9.2,"山崎胜之,佐原健二,鹈川薰,足立理绘子,森次晃嗣,南条弘二"
指环王1：护戒使者,"剧情,动作,奇幻,冒险",2002-04-04,780237,9.1,"伊利亚·伍德,西恩·奥斯汀,伊恩·麦克莱恩,维果·莫腾森,奥兰多·布鲁姆,多米尼克·莫纳汉,比利·博伊德,克里斯托弗·李,马尔顿·索克斯,梅根·爱德华兹,伊安·霍姆,凯特·布兰切特,阿兰·霍华德,马克·弗格森,肖恩·宾,萨拉·贝克,劳伦斯·马克奥雷,安迪·瑟金斯,彼得·麦肯齐,伊恩·穆内,克雷格·帕克,卡梅隆·罗德,约翰·瑞斯-戴维斯,丽芙·泰勒,大卫·韦瑟莱,雨果·维文,菲利普·格里夫,威廉·约翰逊,伊丽莎白·穆迪,布莱恩·瑟金特,杰德·布罗菲,诺曼·凯茨,兰德尔·威廉·库克,萨比恩·克洛森,西奥沙福瓦,本·弗兰舍姆,彼得·杰克逊,艾伦·李,诺埃尔·阿普利比,Michael Elsworth,Sarah McLeod,马丁·桑德森,Harry Sinclair,吉诺·阿赛维多,Jarl Benzon,Jørn Benzon,Ben Britton,Jonathan Harding,Taea Hartwell,Sam Kelly,姜广涛,张磊,周志强,布雷特·麦肯齐"
黑客帝国,"动作,科幻",2000-01-14,776827,9.1,"基努·里维斯,劳伦斯·菲什伯恩,凯瑞-安·莫斯,雨果·维文,格洛丽亚·福斯特,乔·潘托里亚诺,马库斯·钟,朱利安·阿拉汗加,马特·多兰,贝琳达·麦克洛里,安东尼雷派克,罗伯特·泰勒,阿达·尼科德莫,罗温·维特,塔玛拉·布朗,纳塔莉·特珍,比尔·扬,克里斯·斯科特,纳许·埃哲顿,户田惠子,沈晓谦,童自荣,保罗·戈达德,金永钢,张磊"
攻壳机动队,"动作,科幻,动画",1995-11-18,126278,9.1,"田中敦子,大塚明夫,山寺宏一,大木民夫,家弓家正,玄田哲章,山内雅人,小川真司,宫本充,小高三良,后藤敦,山路和弘,佐藤政道,Lia Sargent,布莱恩·科兰斯顿,松山鹰志"
将军号,"剧情,喜剧,动作,战争,冒险",1926-12-25,25312,9.1,"巴斯特·基顿,玛丽昂·马克,格伦·卡文德,吉姆·法利,弗雷德里克·弗鲁姆,查尔斯·亨利·史密斯,弗兰克·巴恩斯,乔·基顿,麦克·多林,汤姆·纳恩,安东尼·哈维"
丝路花雨,"动作,古装,音乐,歌舞",1982,1974,9.1,"贺燕云,张宏,李为民,史敏"
赛文奥特曼 光荣与传说,"剧情,动作,科幻",1999-07-07,1144,9.1,"南条弘二,山崎胜之,鹈川薰,足立理绘子,佐原健二,森次晃嗣"
搏击俱乐部,"剧情,动作,悬疑,惊悚",1999-09-10,784996,9.0,"爱德华·诺顿,布拉德·皮特,海伦娜·伯翰·卡特,扎克·格雷尼尔,米特·洛夫,杰瑞德·莱托,艾恩·贝利,里奇蒙德·阿奎特,乔治·马奎尔,Ezra Buzzington,Carl Ciarfalio,斯图尔特·布拉姆博格,马特·温斯顿,劳伦·桑切斯,Tyrone R. Livingston,保罗·卡拉夫特斯,Scotch Ellis Loring,Andi Carnick,迈克尔·肖姆斯·维尔斯,Markus Redmond,大卫·安德鲁斯,鲍勃·斯蒂芬森,欧根妮·邦杜兰特,凯文·斯科特·麦克,Bennie Moore,埃文·米兰德,乔伊·比索奈特,Christina Cabot,大卫·李·史密斯,霍特·麦克卡兰尼"
用心棒,"剧情,动作,惊悚",1961-04-25,44169,9.0,"三船敏郎,仲代达矢,司叶子,山田五十铃,加东大介,河津清三郎,志村乔,太刀川宽,夏木阳介,东野英治郎,藤原釜足,泽村伊纪雄,渡边笃,藤田进,山茶花究,西村晃,加藤武,中谷一郎,堺左千夫,谷晃,土屋嘉男,清水元,佐田丰,大友伸,广濑正一,天本英世,大木正司,大村千吉,本间文子,桐野洋雄,大友纯,高木新平,小川安三,熊谷卓三,杰瑞·藤尾,中岛春雄"
让子弹飞,"剧情,喜剧,动作,西部",2010-12-16,1548153,8.9,"姜文,葛优,周润发,刘嘉玲,陈坤,张默,姜武,周韵,廖凡,姚橹,邵兵,苗圃,冯小刚,胡军,马珂,白冰,杜奕衡,李静,胡明,危笑,杨奇雨,赵铭,宣晓鸣,绀野千春,郭俊立,马元,姜洪齐,岳红,吴昔果,沙瑀,陈磊,文祥"
V字仇杀队,"剧情,动作,科幻,惊悚",2005-12-11,769677,8.9,"娜塔莉·波特曼,雨果·维文,斯蒂芬·瑞,斯蒂芬·弗雷,约翰·赫特,蒂姆·皮戈特-史密斯,鲁珀特·格雷夫斯,罗杰·阿拉姆,本·迈尔斯,西妮德·库萨克,娜塔莎·怀特曼,约翰·斯坦丁,埃迪·马森,克里夫·阿什伯恩,Emma Field-Rayner,伊安·布尔费尔德,马克·菲尼克斯,Alister Mazzotti,比莉·库克,盖伊·亨利,科斯马·肖,Megan Gay,Roderic Culver,Tara Hacking,安迪·莱什利兹,查德·斯塔赫斯基,布拉德利·斯蒂夫·福特,马德琳·拉基克-普拉特,塞丽娜·贾尔斯,卡斯腾·海斯,伊莫琴·普茨,劳拉·格林伍德,Kyra Meyer,玛丽·萧克莱 ,理查德·莱恩,Michael Simkins,大卫·雷奇,马尔科姆·辛克莱,马迪斯·兰德维尔,Simon Newby,保罗·安东尼·巴伯"
电影名称,类型,上映日期,评价数,评分,主演
杀人回忆,"剧情,动作,犯罪,悬疑,惊悚",2003-05-02,644105,8.9,"宋康昊,金相庆,金雷夏,宋在浩,边希峰,高瑞熙,柳泰浩,朴努植,朴海日,全美善,徐永嬅,崔钟律,刘承睦,申贤宗,李在应,郑仁仙,吴龙,朴真宇,朴泰京,沈成宝,朴镇宇,廉惠兰,李东勇,赵德济,申文成,孙康国,李大贤,李玉珠,刘仁秀,千明宰,郭秀贞,曹文义,朴贤英,申贤胜,權炳吉,金周灵,金景来,金荷景,李多一,金熙珍,孙镇浩,白奉基,刘琴,禹高娜,李勋京,申云燮,金景来,李江山,崔铉基"
勇敢的心,"动作,传记,剧情,历史,战争",1995-05-18,530640,8.9,"梅尔·吉布森,苏菲·玛索,布莱恩·考克斯,詹姆斯·科兹莫,辛·劳洛,凯瑟琳·麦克马克,安古斯·麦克菲登,布莱丹·格里森,詹姆斯·霍纳,彼得·穆兰,汤米·弗拉纳根,艾伦·阿姆斯特朗,大卫·奥哈拉,帕特里克·麦高汉,伊安·邦纳,梅丽·卡尔维,史蒂芬·比灵顿,迈克尔·伯恩,亚力克斯·诺顿,杰拉德·迈克索利,詹姆斯·鲁宾逊,辛·麦金利,Donal Gibson,鲁珀特·范西塔特"
乱,"剧情,动作",1985-06-01,79574,8.9,"仲代达矢,寺尾聪,根津甚八,隆大介,原田美枝子,宫崎美子,井川比佐志,池畑慎之介,油井昌由树,加藤和夫,松井范雄,伊藤敏八,儿玉谦次,野村万斋,加藤武,田崎润,植木等,头师孝雄,头师佳孝,天田益男,木村荣,日比游一,加藤精三,南條玲子,音羽久米子,寺岛进,东乡晴子,渡边哲,宫坂广,本多猪四郎 "
蝙蝠侠：黑暗骑士归来(下),"动作,动画",2013-01-29,28274,8.9,"彼得·威勒,阿芮尔·温特,迈克尔·爱默生,马克·瓦雷,大卫·塞尔比,迈克尔·麦基恩,格文多林·叶"
阿凡达,"动作,科幻,冒险",2010-01-04,1281774,8.8,"萨姆·沃辛顿,佐伊·索尔达娜,西格妮·韦弗,史蒂芬·朗,米歇尔·罗德里格兹,吉奥瓦尼·瑞比西,乔·大卫·摩尔 ,希·庞德,韦斯·斯塔迪,拉兹·阿隆索,迪利普·劳,马特·杰拉德,肖恩·安东尼·莫兰,彼得·狄龙,凯尔森·亨德森,詹姆斯·皮特,肖恩·帕特里克·墨菲,大卫·范·霍恩,陆建艺,季冠霖,詹姆斯·霍纳,凯利·基尔戈,杰森·怀特,彼得·门萨,泰瑞·诺塔里,斯科特·劳伦斯,凯文·多曼,雅克布·托毛里,伍迪·舒尔茨,黛布拉·威尔逊"
功夫,"动作,喜剧,犯罪,奇幻",2004-12-23,1001035,8.8,"周星驰,元秋,元华,黄圣依,梁小龙,陈国坤,田启文,林子聪,林雪,冯克安,释彦能,冯小刚,袁祥仁,张一白,赵志凌,董志华,何文辉,陈凯师,贾康熙,林子善,任珈锐,王仕颖,冯勉恒,范湉湉,杨能,黄锐民,姜瑰瑾,丁小龙,张明明,钱升玮,林志泰,阮昊天,程守一"
加勒比海盗,"动作,冒险,奇幻",2003-11-21,796524,8.8,"约翰尼·德普,杰弗里·拉什,奥兰多·布鲁姆,凯拉·奈特莉,杰克·达文波特,乔纳森·普雷斯,李·阿伦伯格,大卫·拜利,马丁·科勒巴,乔迪·卡巴勒罗,劳伦·马赫,安格斯·巴尼特,露欣达·戴泽克,陆建艺,Giles New,小伊萨克·C.辛格尔顿,麦肯锡·克鲁克,Christian Martin,凯文·麦克纳利,瓦妮莎·布兰奇,内杰·亚当森,戴兰·史密斯,盖伊·西纳,达米恩·奥哈尔,David Patykewich,保罗·基斯,罗比·基,卢克·德·沃夫松,佐伊·索尔达娜,乔·格里萨菲,格雷格·埃利斯,特雷瓦·埃迪内,特雷沃·格德达德,杰拉德·J·雷耶斯"
蝙蝠侠：黑暗骑士崛起,"剧情,动作,科幻,犯罪,惊悚",2012-08-27,666424,8.8,"克里斯蒂安·贝尔,汤姆·哈迪,安妮·海瑟薇,约瑟夫·高登-莱维特,玛丽昂·歌迪亚,加里·奥德曼,迈克尔·凯恩,摩根·弗里曼,朱诺·坦普尔,乔什·平茨,丹尼尔·逊亚塔,内斯特·卡博内尔,伯恩·戈曼,连姆·尼森,乔伊·金,艾丹·吉伦,基里安·墨菲,乔什·斯图沃特,马修·莫迪恩,本·门德尔森,本·科尼什,克莱尔·茱莉安,伊恩·鲍汉,威廉姆·德瓦内,罗伯特·维斯多姆,弗瑞德里克·林恩,罗伯·布朗,约瑟夫·莱尔·泰勒,阿隆·阿布布尔,加里·西弗斯,约翰·麦克米兰,艾伦·萨吉尼亚,杰克·卡鲁索,迪索·拉莫斯,英迪娅·沃兹沃思,金锋,杰伊·本尼迪克特,阿拉米斯·奈特,托马斯·图尔,特雷弗·怀特,约翰·诺兰,布莱特·卡伦,拉塞尔·巴洛格,艾捷拉·埃文斯,雷吉·李,托马斯·列农,戴斯蒙德·哈灵顿,汤姆·康蒂,大卫·莫纳汉,韦德·威廉姆斯"
被解救的姜戈,"剧情,动作,西部,冒险",2013-05-12,560901,8.8,"杰米·福克斯,莱昂纳多·迪卡普里奥,克里斯托弗·瓦尔兹,塞缪尔·杰克逊,凯丽·华盛顿,沃尔顿·戈金斯,丹尼斯·克里斯托弗,乔纳·希尔,詹姆斯·瑞马尔,爱波·塔布琳,弗兰科·内罗,罗伯特·卡拉丁,佐伊·贝尔,昆汀·塔伦蒂诺,布鲁斯·邓恩,基思·卡拉丹,唐·约翰逊,J·D·埃弗摩尔,拉斯·坦布林,劳拉·凯洛蒂,詹姆斯·拉索,奥托·艾森度,瑞克斯·林恩,迈克·康纳·盖尼,耐德·巴拉米,克里斯托弗·贝瑞,唐·司徒奥德,汤姆·沃帕特,妮可·加利西亚,丹妮尔·沃茨,库珀·哈克卡比,凯瑞·西蒙斯,乔恩·阿兹,蒂莫西·皮克勒斯,爱德华·J·克莱尔,莫尼卡·雷内·安德森,里奇·J·拉德纳,克雷格·斯塔克"
黑客帝国3：矩阵革命,"动作,科幻",2003-11-05,415291,8.8,"基努·里维斯,劳伦斯·菲什伯恩,凯瑞-安·莫斯,雨果·维文,贾达·萍克·史密斯,凯特·宾汉,玛丽·爱丽丝,莫妮卡·贝鲁奇,埃茜·戴维斯,克里斯托弗·卡比,罗伯特·马莫内,罗宾·奈文,吉娜薇·欧瑞丽,诺娜·加耶,纳撒尼尔·利斯,哈里·列尼斯,哈罗德·佩里诺,鲁伯特·雷德,凯文·迈克尔·理查德森,大卫·罗伯茨,布鲁斯·斯宾斯,吉娜·托瑞斯,克莱顿·华生,赫尔穆特·巴凯蒂斯,邹兆龙,乔·曼宁,Tanveer K. Atwal,拉黑·休姆,康奈尔·韦斯特,伯纳德·怀特,朗贝尔·维尔森,安东尼·布兰登·黄,安东尼·泽比,克雷格·沃克,任亚明,蕾切尔·布莱克曼,户田惠子"
谍影重重3,"动作,悬疑,惊悚",2007-11-15,389428,8.8,"马特·达蒙,朱丽娅·斯蒂尔斯,大卫·斯特雷泽恩,斯科特·格伦,帕迪·康斯戴恩,埃德加·拉米雷兹,阿尔伯特·芬尼,琼·艾伦,克里·约翰逊,丹尼尔·布鲁赫,乔伊·安沙,科林·斯廷顿,丹·弗雷登堡,马克·莫特拉姆,杰弗里·李·吉布森,布莱恩·考克斯,劳伦斯·波萨,特雷弗·圣约翰,布兰科·托莫维奇,凯·马丁,斯科特·阿金斯,露西·莱曼,迈克尔·怀德曼,汤姆·加洛普,马克·巴泽利,查尔斯·维恩,弗朗卡·波滕特"
纵横四海,"剧情,喜剧,动作,犯罪",1991-02-02,387195,8.8,"周润发,张国荣,钟楚红,朱江,曾江,胡枫,唐宁,邓一君,韩俊,冯雪瑞,胡大为"
终结者2：审判日,"动作,科幻",1991-07-03,316027,8.8,"阿诺·施瓦辛格,琳达·汉密尔顿,爱德华·福隆,罗伯特·帕特里克,阿尔·伯恩,乔·莫顿,埃帕莎·默克森,卡斯图罗·格雷拉,丹尼·库克塞,詹妮特·戈德斯坦恩,山德·贝克利,莱思莉·汉密尔顿·格伦,彼得·舒鲁姆,唐·雷克,吉姆·帕尔默,格温达·迪肯,科林·帕特里克·林奇,妮基·考克斯,德沃恩·尼克森,阿卜杜勒·萨拉姆·埃尔·拉扎克,迈克·马斯喀特,迪恩·诺里斯,查尔斯·A·坦伯罗,丹尼·皮尔斯,马克·克里斯托弗·劳伦斯,林凡 ,乔尔·克莱默,斯科特·肖,史文-欧尔·托尔森,小威廉·威谢尔,Michael Edwards,Don Stanton,Dan Stanton,Lisa Brinegar,Dalton Abbott,Bret A. Arnold,Martin Deluca,迈克尔·比恩"
枪火,"剧情,动作,犯罪",1999-11-19,201420,8.8,"吴镇宇,任达华,黄秋生,吕颂贤,张耀扬,林雪,王天林,施绮莲,高雄,黄华和,张志平,邱万城,佐滕佳次,肖俊峰,郑家生,艾威,罗永昌,钱江汉"
东邪西毒：终极版,"剧情,动作,爱情",2009-03-26,180412,8.8,"张国荣,林青霞,梁朝伟,张学友,张曼玉,刘嘉玲,梁家辉,杨采妮,白丽,廖静妮,王家卫"
黑客帝国动画版,"动作,剧情,动画,科幻",2003-06-03,47119,8.8,"大塚明夫,克莱顿·华生,帕梅拉·阿德龙,海蒂·布雷斯,特伦斯·卡森,美琳达·克拉克,奥利薇亚·阿波,戴恩·A·戴维斯,威廉·R·迪恩,里克·戈麦斯,基努·里维斯"
椿三十郎,"剧情,喜剧,动作,犯罪,惊悚",1962-01-01,27060,8.8,"三船敏郎,仲代达矢,小林桂树,加山雄三,团令子,志村乔,藤原釜足,入江隆子,清水将夫,伊藤雄之助,久保明,太刀川宽,土屋嘉男,田中邦卫,江原达怡,平田昭彦,小川虎之助,堺左千夫,佐田丰,大友伸,广濑正一,伊藤实,樋口年子"
桥,"动作,战争",1969-07-14,21264,8.8,"韦利米尔·巴塔·日沃伊诺维奇,斯洛博丹·佩罗维奇,鲍里斯·德沃尔尼克,雷利亚·巴希奇,希比娜·米亚托维奇,Boro Begovic,伊万·严尼奇耶维奇,Igor Galo,Wilhelm Koch-Hooge,汉约·哈塞,约万·米利切维奇,Dusan Janicijevic,德米特·比滕茨,Maks Furijan,Milja Vujanovic,Veljko Mandic,Slobodan Velimirovic,Minja Vojvodic"
西线无战事,"剧情,动作,历史,战争",1930-04-21,17978,8.8,"路易斯·沃海姆,刘·艾尔斯,约翰·雷,阿诺德·露西,本·亚历山大,斯科特·寇克,小欧文·戴维斯,沃尔特·罗杰斯,威廉·贝克韦尔,拉塞尔·格里森,理查德·亚历山大,哈罗德·古德温,斯利姆·萨默维尔,G·帕特·柯林斯,贝丽尔·默瑟,艾德蒙·布里斯"
奈克瑟斯奥特曼剧场版,"动作,剧情,奇幻,科幻",2004-12-18,4630,8.8,"别所哲也,草刈正雄,裕木奈江,远山景织子,广田亮平,大澄贤也"
电影名称,类型,上映日期,评价数,评分,主演
头号玩家,"动作,科幻,冒险",2018-03-30,1266042,8.7,"泰伊·谢里丹,奥利维亚·库克,本·门德尔森,马克·里朗斯,丽娜·维特,森崎温,赵家正,西蒙·佩吉,T·J·米勒,汉娜·乔恩-卡门,拉尔夫·伊内森,苏珊·林奇,克莱尔·希金斯,劳伦斯·斯佩尔曼,佩蒂塔·维克斯,艾萨克·安德鲁斯,雅各布·贝特兰德,朱莉娅·尼克森,丹尼尔·祖尔格哈德利,阿玛尼·杰克森,汤姆·特纳,麦肯娜·格瑞丝,杰登·福拉-奈特,基特·康纳,埃里克·西格蒙德森,利蒂希娅·赖特,罗伯特·吉尔贝托,迈克尔·怀德曼,图尔洛夫·科维里,内特·莫汗,露露·威尔逊,罗娜·莫里森,阿隆索·阿尔瓦雷斯"
超能陆战队,"喜剧,动作,科幻,动画,冒险",2015-02-28,932976,8.7,"斯科特·安第斯,瑞恩·波特,丹尼尔·海尼,T·J·米勒,郑智麟,小达蒙·韦恩斯,珍尼希斯·罗德里格兹,詹姆斯·克伦威尔,艾伦·图代克,玛娅·鲁道夫,亚布拉哈姆·本鲁比,凯蒂·洛斯,比利·布什,丹尼尔·吉尔森,保罗·布里格斯,菅野美穗,乔西·特立尼达,查尔斯·阿德勒,郝祥海,斯坦·李,Dan Howell,大卫·肖内西,夏洛特·古列齐"
新龙门客栈,"动作,爱情,武侠,古装",2012-02-24,407820,8.7,"张曼玉,林青霞,梁家辉,甄子丹,熊欣欣,刘洵,任世官,吴启华,袁祥仁,徐锦江,郑希怡,王彤川,王伟顺,蔡浩,元彬,陈志辉,邢金沙,施懿,冯雪瑞,廖静妮,魏晶琦"
黑客帝国2：重装上阵,"动作,科幻",2003-07-18,376070,8.7,"基努·里维斯,劳伦斯·菲什伯恩,凯瑞-安·莫斯,雨果·维文,莫妮卡·贝鲁奇,赫尔穆特·巴凯蒂斯,斯蒂夫·巴什托尼,克里斯汀·阿努,丹尼尔·伯哈特,约瑟芬·白内斯,安迪·阿尼斯,贾达·萍克·史密斯,邹兆龙,埃茜·戴维斯,纳许·埃哲顿,格洛丽亚·福斯特,大卫·富兰克林,诺娜·加耶,小罗伊·琼斯,大卫·基尔德,兰德尔·杜克·金,克里斯托弗·卡比,纳撒尼尔·利斯,哈里·列尼斯,罗伯特·马莫内,马特·麦科姆,罗宾·奈文,大卫·诺,吉娜薇·欧瑞丽,苏格拉底·奥图,哈罗德·佩里诺,阿德里安·雷梅特,尼尔·雷梅特,鲁伯特·雷德,大卫·罗伯茨,凯文·斯科特,尼坎德罗·托马斯,吉娜·托瑞斯,史蒂夫·维拉,克莱顿·华生,康奈尔·韦斯特,雷·沃纳尔,伯纳德·怀特,朗贝尔·维尔森,安东尼·布兰登·黄,安东尼·泽比,史蒂夫·莫里斯,托莉·莫塞特,户田惠子,保罗·高特,任亚明"
谍影重重2,"动作,悬疑,惊悚",2004-11-14,326698,8.7,"马特·达蒙,布莱恩·考克斯,琼·艾伦,卡尔·厄本,弗朗卡·波滕特,朱丽娅·斯蒂尔斯,加布里埃尔·曼,马尔顿·索克斯,汤姆·加洛普,约翰·贝德福德·劳埃德,伊桑·桑德勒,米歇尔·莫纳汉,卡瑞尔·罗登,托马斯·阿拉纳,奥莎娜·阿金什那,Yevgeni Sitokhin,蒂姆·格里芬,肖恩·史密斯,马克西姆·科瓦莱夫斯基,帕特里克·克劳利,乔恩·科林·巴克利,谢恩·辛努特科,Claudio Maniscalco,Dirk Schoedon,伊万·舍甫多夫,丹尼斯·布尔加兹列夫,Nick Wilder,维克多·埃菲尔,埃莱娜·卡多纳,克里斯·库珀"
黑鹰坠落,"动作,历史,战争",2001-12-18,267777,8.7,"乔什·哈奈特,伊万·麦克格雷格,汤姆·塞兹摩尔,金·寇兹,艾文·布莱纳,艾瑞克·巴纳,休·丹西,威廉·菲克纳,奥兰多·布鲁姆,汤姆·哈迪,詹森·艾萨克,强尼·斯特朗,恩里克·穆西安诺,乔治·哈里斯,泰·布利尔,尼古拉·科斯特-瓦尔道,布莱恩·范·霍尔特,理查德·泰森,卡迈因·吉欧凡纳佐,艾恩·格拉法德,山姆·夏普德,加布里埃尔·卡塞斯,朗·埃达德,汤姆·盖里,查理·霍夫赫梅尔,丹尼·霍奇,泽利科·伊万内克,格伦·莫肖尔,杰里米·皮文,布兰登·萨克斯顿,马修·马斯登"
启示,"动作,冒险,剧情",2006-12-08,85702,8.7,"鲁迪·杨布拉德,达利娅·埃尔南德斯,乔纳森·布雷维尔,莫里斯·博德耶洛海德,劳尔·特鲁希洛,赫拉多·塔拉塞纳,卡洛斯·伊米里奥·巴厄兹,阿米尔卡尔·拉米瑞兹,伊斯雷尔·康特雷拉斯,伊斯雷尔·里奥斯,玛利亚·迪亚兹,埃斯皮里迪恩·阿科斯塔·卡奇,梅拉·萨布罗,伊阿祖娅·拉里奥斯,艾贝尔·伍尔里奇"
精英部队2：大敌当前,"剧情,动作,犯罪,惊悚",2011-11-25,76667,8.7,"瓦格纳·马拉,安德烈·拉米罗,米尔黑·考塔兹,伊兰迪尔·桑托斯,玛利亚·瑞贝罗,塞乌·乔奇,埃米利奥·奥希欧罗,Pedro Van-Held,Sandro Rocha,阿德里亚诺·加里布,儒里奥·阿德里安,卡杜·法维罗,安德瑞·马托斯,泰娜·毛勒,霍德利高·堪德劳特"
宾虚,"剧情,动作,历史,战争,冒险",1959-11-18,32685,8.7,"查尔顿·赫斯顿,杰克·霍金斯,哈雅·哈拉里特,史蒂芬·博伊德,休·格里夫斯,玛莎·斯考特,凯茜·奥唐内,山姆·谢斐,芬利·柯里,安德鲁·莫瑞尔,George Relph,玛琳娜·伯蒂,威廉姆·S·哈特,陆建艺,特伦斯·朗登,弗兰克·思林"
正义联盟：闪点悖论,"动作,科幻,动画,奇幻,冒险",2013-07-30,27039,8.7,"贾斯汀·钱伯斯,C·托马斯·豪威尔,迈克尔·B·乔丹,凯文·麦克基德,迪·布拉雷·贝克尔,史蒂夫·布卢姆,凯文·康瑞,萨姆·戴利,达娜·德拉尼,丹尼·赫斯顿,内森·菲利安,瓦内萨·马歇尔,加利·艾尔维斯,朗·普尔曼"
兽兵卫忍风帖,"动画,动作,冒险,奇幻,惊悚",1993-06-05,15304,8.7,"山寺宏一,筱原惠美,青野武,阪脩,乡里大辅,永井一郎,大友龙三郎,高岛雅罗,森功至,屋良有作,若本规夫,关俊彦,胜生真沙子,野本礼三,菅原淳一,铃木胜美,森山周一郎,温迪·李,理查德·埃帕卡,Richard Cansino,迈克尔·福瑞斯特,布拉德利·拉威尔,道格·斯通,Joe Romersa,柯克·桑顿,凯文·西摩"
铁达尼号沉没记,"剧情,动作,历史,爱情,灾难",1996-11-17,5870,8.7,"彼得·盖勒,凯瑟琳·泽塔-琼斯,乔治·C·斯科特,爱娃·玛丽·森特,蒂姆·克里,罗杰·里斯,哈莉·简·科扎克,玛丽露·亨纳尔,麦克·道尔,马修·沃克,科琳·惠勒,戴尔·威尔逊,莫莉·帕克,卡万·史密斯,Shaina Tianne Unger,布伦特·斯泰特,Matt Hill,凯瑟琳·伊莎贝尔,巴里·佩珀,艾伦·坡尔,马尔科姆·斯图尔特,Sonsee Neu,埃里克·李塞德,凯文·麦克纳尔蒂,Lachlan Murdoch"
岁城璃心,"动作,动画,奇幻",2014-12-08,2377,8.7,
釜山行,"动作,惊悚,灾难",2016-05-13,1101292,8.6,"孔刘,郑有美,马东锡,金秀安,金义城,崔宇植,安昭熙,崔奎华,郑锡勇,芮秀贞,朴明申,张赫镇,禹都临,沈恩京,白仁权,南砚友,郑煐禥,李珠实,柳在勋,车清华,金在祿,金周宪,金旻錫,金永,Han Sung-soo,董允锡,郑西仁,金根英,金锦顺,延尚昊,朴素贞,金昌焕,柳成禄,金丹菲,张泰民"
蜘蛛侠：平行宇宙,"动作,科幻,动画,冒险",2018-12-21,573866,8.6,"沙梅克·摩尔,杰克·约翰逊,海莉·斯坦菲尔德,马赫沙拉·阿里,布莱恩·泰里·亨利,莉莉·汤姆林,劳伦·维勒斯,佐伊·克罗维兹,约翰·木兰尼,贵美子·格伦,尼古拉斯·凯奇,凯瑟琳·哈恩,列维·施瑞博尔,克里斯·派恩,娜塔丽·莫瑞丝,奥斯卡·伊萨克,格里塔·李,斯坦·李,乔玛·塔科内,华金·科西奥,蕾克·贝尔,梅勒妮·海恩斯,尼克·杰恩,穆尼卜·拉赫曼,卡洛斯·萨拉戈萨,黛西·罗斯·布莱内斯,里夫·霍顿,哈里森·奈特,莱克斯·朗,凯特琳·麦肯纳-威尔金森,斯科特·门维尔,克里斯托弗·米勒,德维卡·帕利赫,柯特妮·佩尔顿,克里斯蒂·法瑞斯,杰奎琳·皮诺尔,贾斯汀·沉卡罗,梅利莎·斯特姆,彭昱畅,张天爱,波兹·马龙,张琦"
东邪西毒,"剧情,动作,爱情,武侠,古装",1994-09-17,537755,8.6,"张国荣,林青霞,梁朝伟,张学友,张曼玉,刘嘉玲,梁家辉,杨采妮,邹兆龙,萧德虎,廖静妮,王祖贤,白丽,刘洵"
英雄本色,"剧情,动作,犯罪",2017-11-17,490600,8.6,"周润发,狄龙,张国荣,朱宝意,李子雄,田丰,吴宇森,曾江,成奎安,徐克,陈志辉,顾嘉辉,梁柏坚,冯雪瑞,杨瑞麟,杜伟和,林富伟,马汉元,格莱格·斯奈哥夫,张济平,廖静妮,麦伟章,石燕子,金兴贤,王侠,良鸣,张国梁,洪新南,曾醒光,黄炜溏"
疯狂的麦克斯4：狂暴之路,"动作,科幻,冒险",2015-05-14,485549,8.6,"汤姆·哈迪,查理兹·塞隆,尼古拉斯·霍尔特,休·基斯-拜恩,乔什·赫尔曼,内森·琼斯,佐伊·克罗维兹,罗茜·汉丁顿-惠特莉,丽莉·吉欧,阿比·丽,考特尼·伊顿,安格斯·桑普森,理查德·卡特,梅根·盖尔,肖恩·哈普,吉纳维芙·艾特肯,约翰·霍华德,约翰·霍华德,理查德·诺顿,黛布拉·迪兹,理查德·诺顿"
谍影重重,"动作,悬疑,惊悚",2002-11-21,392951,8.6,"马特·达蒙,弗朗卡·波滕特,克里斯·库珀,克里夫·欧文,朱丽娅·斯蒂尔斯,布莱恩·考克斯,阿德沃尔·阿吉纽依-艾格拜吉,加布里埃尔·曼,沃尔顿·戈金斯,约什·汉密尔顿,奥尔索·马利亚·奎利尼,维森特·富兰克林,迪米特里·格里特萨斯,安东尼·格林,丹尼尔·科比·埃尔斯基尼,吉米·让-刘易斯,卢多维克·布尔努瓦,戴维·鲍姆伯,埃里克·莫罗,休伯特·圣-麦卡里"
霍比特人3：五军之战,"动作,奇幻,冒险",2015-01-23,357616,8.6,"马丁·弗瑞曼,伊恩·麦克莱恩,理查德·阿米蒂奇,伊万杰琳·莉莉,李·佩斯,卢克·伊万斯,本尼迪克特·康伯巴奇,肯·斯托特,詹姆斯·内斯比特,比利·康诺利,凯特·布兰切特,伊安·霍姆,克里斯托弗·李,雨果·维文,奥兰多·布鲁姆,马努·贝内特,艾丹·特纳,迪恩·奥戈曼,格拉汉姆·麦克泰维什,斯蒂芬·弗雷,米卡埃尔·佩斯布兰特,彼得·杰克逊,伊利亚·伍德,布雷特·麦肯齐,弗兰·威尔士,托马辛·麦肯齐,西尔维斯特·迈可伊,亚当·布朗,约翰·贝尔,瑞安·盖奇,柯南·史蒂文斯,杰德·布罗菲,布耐恩·布莱塞得,马克·哈德洛,约翰·凯伦,彼得·汉布尔顿,斯蒂芬·亨特,威廉·基尔舍,佩吉·内斯比特,玛丽·内斯比特,约翰·图伊,基兰·沙阿,周志强,西蒙·伦顿,马克·米钦森,莎拉·皮尔斯,沙恩·朗吉,鲁比·阿什伯恩·瑟金斯"
电影名称,类型,上映日期,评价数,评分,主演
勇闯夺命岛,"动作,冒险",1996-06-07,237098,8.6,"肖恩·康纳利,尼古拉斯·凯奇,艾德·哈里斯,约翰·斯宾塞,大卫·摩斯,威廉·弗西斯,迈克尔·比恩,瓦内萨·马赛尔,约翰·C·麦金雷,托尼·托德,博基姆·伍德拜因,格雷格·科林斯,布伦丹·凯利,史蒂夫·哈里斯,丹尼·努齐,克莱尔·弗兰妮,托德·路易斯,大卫·鲍,Dennis Chalker,Billy Devlin,因格·内哈斯,约翰·拉夫林,哈利·哈姆弗瑞斯,霍华德·普拉特,威利·加森,Thomas J. Hageboeck,德怀特·希克斯,安东尼·克拉克,雷蒙德·奥康纳,路奈尔·坎贝尔,山姆·惠普尔,汤姆·托尔斯,安东尼·吉德拉,吉姆·卡维泽,约翰·伊诺斯三世,布克·卡特里安,马修杰姆斯居尔布兰松,斯坦利·安德森,山德·贝克利,Richard Conti,雷蒙德·克鲁斯,里克·德拉辛,大卫·马歇尔·格兰特,菲利普·贝克·霍尔,迈克尔·罗斯,杰洛米诺·斯芬克斯,Ezra Stanley,凯文·韦斯曼,斯图亚特·维尔森"
暗战,"动作,剧情,犯罪",1999-09-23,226872,8.6,"刘德华,刘青云,蒙嘉慧,李子雄,许绍雄,林雪,黄卓玲,艾威,林伟健,洪伟良,罗靖庭,邱万城,张浚鸿,李子明,李寿祺,罗永昌,黄华和,苏恩磁,谭王鸿,黄锐生"
守望者,"动作,科幻,悬疑",2009-03-06,189555,8.6,"帕特里克·威尔森,卡拉·古奇诺,比利·克鲁德普,玛琳·阿克曼,杰弗里·迪恩·摩根,马修·古迪,杰基·厄尔·哈利,马特·弗里沃,史蒂芬·麦克哈蒂,劳拉·门内尔,詹姆斯·M.康纳,杰拉德·巴特勒,扎克·施奈德,丹·佩恩,迈克尔·艾克朗德,尼尔迈特,凯利·格泽尔,达伦·萨赫拉维,帕特里克·萨邦圭,阿加·达什,道恩·楚拜,亚历桑德罗·朱利安尼,杰伊·布拉泽奥,克林特·卡尔顿,斯蒂芬妮·贝尔丁,丹尼·伍德伯恩,富尔·切切里,凯文·麦克纳尔蒂,迈克尔·科普萨,加里·切克,杰瑞·瓦塞尔曼,肯·特雷布莱特,克里斯·高瑟,格伦·恩尼斯,罗恩·法斯勒,弗兰克·诺瓦克,杰森斯·乔姆宾,珥杜,John R. Taylor,Chris Weber,麦克·卡朋特,Mi-Jung Lee,Ashley O'Connell,Neil Schell,泰勒·麦克克莱顿,Parm Soor,Chris Burns,迈克尔·史蒂文斯,马诺·苏德,马修·哈里逊,Douglas Chapman,Damon Caro,路易斯·奇里洛,库尔特·埃文斯,海蒂伊罗,罗布·拉贝尔"
精武英雄,"动作,剧情",1994-12-22,125269,8.6,"李连杰,中山忍,钱小豪,蔡少芬,周比利,秦沛,仓田保昭,袁祥仁,楼学贤,高桥利道,谭淑梅,彭子晴,张浚鸿,李文标,林刚,麦咏麟,黄新,卢庆辉,刘思乐,林富伟,李华干,麦克·里德,谷垣健治,江苗定,邓泰和,袁信义"
恶童,"动画,动作,冒险,犯罪",2006-12-23,63747,8.6,"二宫和也,苍井优,伊势谷友介,宫藤官九郎,大森南朋,斯科特·门维尔,亚历山大·鲍狄埃,阿澄佳奈,里克·戈麦斯,田中泯,迈克尔·艾里亚斯,浅井晴美,堀江一真,塞尔日·拉玛,让-弗朗索瓦·加罗,井上麻里奈,里克·高莫兹,西村知道,麦人,纳谷六朗,冈田义德,本木雅弘,本间文子,山口真弓,莫里斯·拉马奇,索菲·卡尔,阿莱克斯·费尔南德斯,弗雷德里克·德班,洛朗·加默隆"
杀死比尔整个血腥事件,"动作,犯罪",2011-03-27,27545,8.6,"乌玛·瑟曼,迈克尔·鲍文,大卫·卡拉丁,千叶真一,朱莉·德赖弗斯,薇薇卡·福克斯,栗山千明,迈克尔·马德森,迈克尔·帕克斯,刘玉玲,达丽尔·汉纳,佩拉·哈莉-贾德林,刘家辉"
钢铁巨人,"喜剧,动作,科幻,动画,冒险",1999-08-06,25139,8.6,"艾力·马伦斯奥,范·迪塞尔,小哈里·康尼克,詹妮弗·安妮斯顿,克里斯托弗·麦克唐纳,詹姆斯·盖蒙,克萝丽丝·利奇曼,约翰·马奥尼,M·埃梅特·沃尔什,鲍伯·伯根,奥利·约翰斯顿,法兰克·汤玛斯,罗德格尔·邦帕斯,雪莉·琳恩,德文·科尔·博里索夫,玛丽·凯·伯格曼,比尔·法玛尔,杰克·安杰尔"
侠女,"剧情,动作,武侠,古装",1970-07-10,24554,8.6,"徐枫,石隽,白鹰,田鹏,曹健,苗天,张冰玉,薛汉,乔宏,林正英,洪金宝,韩英杰,郝履仁,陈会毅,吴明才,万重山,王瑞,高明,山茅,贾鲁石,鲁直,杜伟和,谢仲谋,李逵,刘楚,张允文,徐庆春,成龙"
大菩萨岭,"剧情,动作",1966-02-25,11778,8.6,"仲代达矢,新珠三千代,加山雄三,内藤洋子,中丸忠雄,佐藤庆,西村晃,中谷一郎,田中邦卫,三船敏郎,香川良介,藤原釜足,天本英世,小川安三,川口敦子,大木正司,长谷川弘,头师孝雄,田中浩,高松锦之助,佐佐木孝丸,伊吹彻,久世龙"
红线,"动画,动作,科幻",2009-08-14,9030,8.6,"木村拓哉,苍井优,浅野忠信,青野武,森下能幸,冈田义德,津田宽治"
落叶,"动画,动作,冒险,喜剧,科幻",2004-01-17,6951,8.6,"山口胜平,本田贵子,水谷优子,岩田光央,梁田清之,飞田展男,高木涉,岩崎征实,加濑康之,竹本英史,木内秀信,前田刚,铃木正和,新垣樽助,下崎纮史,中岛裕美子"
死亡的游戏,动作,2001-07-26,4807,8.6,"李小龙,田俊,解元,伊鲁山度,池汉载,卡里姆·阿卜杜尔-贾巴尔,元彪,李炜尚,元华"
船长二世,"剧情,喜剧,动作,爱情,家庭",1928-05-12,3910,8.6,"巴斯特·基顿,汤姆·麦奎尔,欧内斯特·托伦斯,汤姆·刘易斯,玛丽昂·拜伦,乔·基顿,詹姆斯·T·麦克"
滑铁卢战役,"动作,剧情,历史,战争",1970-10-26,2688,8.6,"罗德·斯泰格尔,克里斯托弗·普卢默,奥逊·威尔斯,杰克·霍金斯,弗吉尼亚·麦肯娜,丹·奥赫里奇,鲁珀特·戴维斯,菲利普·福奎特,吉昂尼·嘉科,伊沃·加拉尼,伊恩·奥格尔维,迈克·怀尔登,谢尔科·扎卡里阿泽,特伦斯·亚历山大,安德烈·切齐,敦尔·当纳利,Charles Millot,叶夫根尼·萨莫伊洛夫,奥列格·维多夫,维罗妮卡·德劳伦蒂斯,弗拉基米尔·德鲁日尼科夫,Willoughby Gray,奥尔索·马利亚·奎利尼,Richard Heffer,奥拉齐奥·奥兰多,约翰·萨维登特,根纳季·尤金,罗伯特·里耶蒂,Vaclovas Bledis,阿德里安·布赖恩,保罗·布特克维奇,欧米洛·康帕纳,Pietro Ceccarelli,瓦西里·利瓦诺夫,列夫·波利亚科夫,伊琳娜·斯科布采娃,伊戈尔·亚苏洛维奇"
星际5555：异星梦系统秘传,"动画,动作,冒险,奇幻,音乐,科幻",2003-05-28,1335,8.6,蠢朋克
复仇者联盟4：终局之战,"剧情,动作,科幻,奇幻,冒险",2019-04-24,1011444,8.5,"小罗伯特·唐尼,克里斯·埃文斯,马克·鲁弗洛,克里斯·海姆斯沃斯,乔什·布洛林,保罗·路德,凯伦·吉兰,杰瑞米·雷纳,斯嘉丽·约翰逊,唐·钱德尔,布丽·拉尔森,布莱德利·库珀,泰莎·汤普森,汤姆·赫兰德,伊丽莎白·奥尔森,本尼迪克特·康伯巴奇,蒂尔达·斯文顿,格温妮斯·帕特洛,蕾妮·罗素,约翰·斯拉特里,查德维克·博斯曼,安东尼·麦凯,塞巴斯蒂安·斯坦,克里斯·帕拉特,汤姆·希德勒斯顿,佐伊·索尔达娜,丹娜·奎里拉,本尼迪克特·王,庞·克莱门捷夫,戴夫·巴蒂斯塔,利蒂希娅·赖特,伊万杰琳·莉莉,乔恩·费儒,海莉·阿特维尔,娜塔莉·波特曼,玛丽莎·托梅,塔伊加·维迪提,安吉拉·贝塞特,迈克尔·道格拉斯,米歇尔·菲佛,威廉·赫特,寇碧·史莫德斯,肖恩·古恩,温斯顿·杜克,琳达·卡德里尼,马克斯米利亚诺·赫尔南德斯,弗兰克·格里罗,真田广之,汤姆-沃恩-劳勒,詹姆斯·达西,雅各布·巴特朗,范·迪塞尔,罗伯特·雷德福,塞缪尔·杰克逊,伊薇特·尼科尔·布朗,卡梅伦·布鲁姆布罗,蒂莫西·卡尔,凯瑞·康顿,迈克尔·A·库克,凯莉·库恩,艾玛·福尔曼,雷纳·加拉赫,丹妮拉·加斯基,郑肯,小弗洛伊德·安东尼·约翰,斯坦·李,罗斯·马昆德,布伦特·麦吉,迈克尔·皮耶里诺·米勒,卡兰·马尔韦,泰瑞·诺塔里,吉米·雷·皮肯斯,迈克尔·詹姆斯·肖,泰·辛普金斯,格雷格·蒂芬,艾娃·罗素,乔·罗素,玛丽亚·Z·威尔逊,本杰明·韦弗,劳尔·阿尔坎塔,雅各布·埃文斯,何塞·阿尔弗雷多·费尔南德斯,布伦特·莫雷尔·加斯金斯,安东尼·B·哈里斯,肖恩·麦克米伦,罗伯特·佩恩,麦克斯威尔·海史密斯,罗伯特·廷斯利,费斯·洛根,保罗·皮尔斯伯里,特拉维斯·汤普森,亚历珊德拉‧瑞秋·拉贝,贾迈尔·钱伯斯,杰克逊·艾顿,张闻天,Jennifer Cain,杰克·尚皮永"
蝙蝠侠：侠影之谜,"剧情,动作,科幻,犯罪,惊悚",2005-06-29,367679,8.5,"克里斯蒂安·贝尔,迈克尔·凯恩,连姆·尼森,凯蒂·霍尔姆斯,加里·奥德曼,基里安·墨菲,汤姆·威尔金森,鲁特格尔·哈尔,渡边谦,小马克·布恩,莱纳斯·罗彻,摩根·弗里曼,拉里·霍尔登,杰拉德·墨菲,柯林·麦克法兰,莎拉·斯图尔特,加斯·刘易斯,理查德·布雷克,拉德·舍博德兹加,艾玛·洛克哈特,克里斯蒂尼·亚当斯,凯瑟琳·波特,约翰·诺兰,杰克·格里森,翁世杰,塔梅尔·哈桑,杰里米·西奥伯德,谢恩·里默,亚历山德拉·巴斯蒂杜,约翰·芬,迪·泰尔斯,卡尔·希尔斯,瑞斯特德·库珀,露西·钱伯斯,迪恩·亚历桑德罗,丹·普尔,乔榛,吉尔·科雷林,大卫·拜德拉,纳迪亚·卡梅隆-布莱克利,马克·史密斯,提姆·布斯,露西·拉塞尔,多米尼克·伯吉斯,阿卜杜尔·波波拉,詹姆斯·恩布里,斯宾塞·怀尔丁,T·J·拉米尼,莫恩博特斯,马克·斯特雷克,埃米尔·马蒂罗西,迈克尔·斯泰利,江锦荣,安德鲁·普利文,蒂莫西·迪尼汉,查尔斯·爱德华兹,大卫·勒格诺,诺亚里马吉茨,马特·米勒,大卫·莫瑞,伊立沙·弗雷丁"
变脸,"动作,科幻,犯罪,惊悚",1997-06-27,362491,8.5,"约翰·特拉沃尔塔,尼古拉斯·凯奇,琼·艾伦,亚历桑德罗·尼沃拉,吉娜·格申,多米尼克·斯万,尼克·卡萨维蒂,哈威·普雷斯内尔,科鲁姆·费奥瑞,约翰·卡洛·林奇,希·庞德,罗伯特·维斯多姆,赵牡丹,詹姆斯·丹顿,马特·罗斯,克里斯·鲍尔,迈尔斯·杰弗里,大卫·麦克库利,托马斯·简,汤米·弗拉纳根,达纳·史密斯,罗密·温莎,保罗•希普,柯克·鲍兹,劳伦·辛克莱尔,本·里德,丽莎·博伊尔,琳达·霍夫曼,丹尼·马斯特森,迈克尔·罗查,麦克·韦柏,梅根·保罗,诺姆·卡普顿"
速度与激情5,"动作,犯罪",2011-05-12,347203,8.5,"范·迪塞尔,保罗·沃克,乔丹娜·布鲁斯特,泰瑞斯·吉布森,卢达·克里斯,马特·斯查尔兹,姜成镐,盖尔·加朵,特戈·卡尔德隆,唐·奥马尔,乔昆姆·德·阿尔梅达,道恩·强森,埃尔莎·帕塔奇,迈克尔·埃尔比,费尔南多·钱,阿里米·巴尔拉德,约戈·康斯坦丁,吉奥夫·米德,Joseph Melendez,马克·希克斯,Corey Michael Eubanks,小路易斯·达·席尔瓦,肯特·绍克内克,莎伦泰,埃莱娜·卡多纳,Amanda Salinas,Benjamin Easterday,伊娃·门德斯,杰瑞德·莫泽,米歇尔·罗德里格兹,布赖恩·泰斯特,伊万·J·托雷斯·拉桑塔,陈浩,Reema Sampat,TJ Hassan,Arlene Santana"
神探,"动作,犯罪,悬疑,惊悚",2008-02-22,265659,8.5,"刘青云,安志杰,林家栋,林熙蕾,李国麟,李彩宁,陈慧珊,林雪,张兆辉,刘锦玲,郭少芸,郑保瑞,赵志诚,王璐瑶,张家杰,辛格·哈提汗·比托,李日升,谷祖琳,高雄"
电影名称,类型,上映日期,评价数,评分,主演
角斗士,"剧情,动作,冒险",2000-05-05,206727,8.5,"罗素·克劳,华金·菲尼克斯,康妮·尼尔森,奥列佛·里德,理查德·哈里斯,德里克·雅各比,杰曼·翰苏,大卫·斯科菲尔德,约翰·斯拉普内尔,托马斯·阿拉纳,拉尔夫·莫勒,斯宾塞·崔特·克拉克,戴维·海明斯,汤米·弗拉纳根,史文-欧尔·托尔森,欧米德·吉亚李利,Chris Kell,托尼·库兰,大卫·拜利,艾尔·阿什顿,雷·卡雷贾,詹妮娜·法西奥,乔治·坎塔里尼,阿兰·柯德勒,迈克尔·梅林杰,亚当·利维,吉力·吉尔克里斯特,Kjeld Gogosha-Clark,尼克·梅因,若昂·科斯塔·梅内塞斯,迈克·米切尔,诺曼·坎贝尔·里斯,布瑞恩·斯米吉,童自荣,乔榛,沈晓谦,杰夫·鲁多姆"
黄海,"剧情,动作,犯罪",2010-12-22,200743,8.5,"河正宇,金允石,郑满植,李哲民 ,李艾,徐东锡,杨基元,尹炳熙,千明宰,刘河福,廉东铉,金东贤,白贤宇,全仁杰,崔旭,姜贤重,赵河硕,孙康国,李熙俊,林艺媛,卓成恩,郭度沅,赵在允,方惠英,赵成夏,李瑜美,廉东宪,朴炳垠"
盗火线,"剧情,动作,犯罪,惊悚",1995-12-15,112897,8.5,"阿尔·帕西诺,罗伯特·德尼罗,方·基默,强·沃特,汤姆·塞兹摩尔,戴安·维诺拉,艾米·布伦尼曼,艾什莉·贾德,麦凯尔泰·威廉逊,韦斯·斯塔迪,泰德·拉文,丹尼斯·海斯伯特,威廉·菲克纳,娜塔莉·波特曼,汤姆·诺南,凯文·盖奇,汉克·阿扎利亚,苏珊·特雷勒,丹尼·特雷霍,亨利·罗林斯,杰瑞·特林伯,沈晓谦,吴俊全,山德·贝克利,瑞克·艾弗里,麦克斯·丹尼尔斯,小文斯·迪特里克,马里奥罗伯茨"
王牌对王牌,"动作,犯罪,剧情,悬疑,惊悚",1998-07-29,109543,8.5,"塞缪尔·杰克逊,凯文·史派西,大卫·摩斯,朗·瑞弗金,约翰·斯宾塞,J·T·沃尔什,希博汗·法隆,保罗·吉亚玛提,雷吉娜·泰勒,迈克尔·库立兹,卡洛斯·戈麦斯,蒂姆·科勒赫,迪恩·诺里斯,内斯特·塞拉诺,道格·斯平扎,伦纳德·L·托马斯,斯蒂芬·李,劳里·约翰逊,朗达·多森,杰克·希勒,迈克尔·肖姆斯·维尔斯,乔伊佩里洛,玛丽·佩吉·科勒尔,凯尔森·马尔罗尼,Brad Blaisdell,罗伯特·大卫·豪尔,Mary Ingersoll,麦克纳利·萨加尔,埃德温娜·摩尔,Diann Burns,Robert Baier,James Blackburn,汤姆·鲍尔,Wayne Eric,大卫·福德汉姆,保罗·吉尔福伊尔,Julie O'Malley"
阿基拉,"动作,科幻,动画",1988-07-16,78335,8.5,"岩田光央,佐佐木望,小山茉美,玄田哲章,大竹宏,北村弘一,池水通洋,渊崎由里子,大仓正章,荒川太郎,草尾毅,田中和实,加藤将之,秋元羊介,平野正人,岸野幸正,二又一成,盐屋浩三,小林通孝,梅津秀行,稻垣悟,藤井佳代子,丰岛雅美,铃木瑞穗,石田太郎"
喋血双雄,"动作,犯罪,剧情,惊悚",1989-07-06,77096,8.5,"周润发,李修贤,叶倩文,曾江,朱江,成奎安,黄光亮,黄炳耀,黄柏文,王俊棠,叶荣祖,侯焕玲,卢雄,冯雪瑞,刘允,张济平,吴育枢,吴少雄,尹尚林,麦伟章,黃志明,林富伟,江全,李耀景"
魁拔Ⅲ战神崛起,"动作,动画,奇幻,冒险",2014-10-01,49628,8.5,"刘婧荦,姚姝,王宇腾,杨晨,刘校妤,王凯,敖磊,石困困,宝木中阳,马斑马,杨凝,张杰,范哲琛,图特哈蒙,姜广涛"
精武门,"动作,剧情,爱情,惊悚",1972-03-22,39005,8.5,"李小龙,苗可秀,田丰,元奎,罗维,韩英杰,衣依,田俊,陈龙,陈会毅,魏平澳,吴明才,韩国材,张佩山,黄宗迅,小麒麟,甘山,金天柱,葛萍,元武,李擎柱,黃志明,冯毅,金军,岑潜波,李超俊,张照,桥本力,顾占熊,齐琳,周嘉崇,林正英,元华"
浪客剑心 最终章 追忆篇,"剧情,动作,冒险",2021-06-04,31434,8.5,"佐藤健,有村架纯,高桥一生,北村一辉,江口洋介,村上虹郎,安藤政信,大西信满,池内万作,藤本隆宏,和田聪宏,中村达也,荒木飞羽,洼田正孝,平野生成,堀田真由,一之濑亘,石田法嗣,成田瑛基,奥野瑛太,渡边真起子,武井咲,新田真剑佑,青木崇高,苍井优,伊势谷友介,土屋太凤,三浦涼介,音尾琢真,鹤见辰吾,中原丈雄"
午夜狂奔,"喜剧,动作,犯罪,冒险",1988-07-20,23592,8.5,"罗伯特·德尼罗,查尔斯·格罗丁,亚非特·科托,约翰·阿什顿,丹尼斯·法里纳,乔·潘托里亚诺,理查德·弗让吉,杰克·基欧,菲利普·贝克·霍尔,斯科特·麦克菲,罗伊丝·史密斯,弗兰·布里尔,卢·费尔德,崔西·沃特,波波·马罗夫,汤姆·埃尔文,吉米·雷·威克斯,马丁·布莱斯特,丹尼·沃霍尔,Robert Miranda,Wendy Phillips,Danielle DuClos,Mary Gillis,Thomas J. Hageboeck,Michael Hawkins,John Hammil,Paul Joseph McKenna,Jack N. Young,James Portolese,Armando Muniz,Terry Ray,约翰·阿什顿"
敲开天堂的门,"动作,犯罪,喜剧,剧情",1997-02-20,14747,8.5,"蒂尔·施威格,扬·约瑟夫·利费斯,蒂埃里·范·维凡客,莫里兹·布雷多,休伯·史塔普,伦纳德·兰辛,Ralph Herforth,科奈莉亚·弗洛波伊斯,鲁特格尔·哈尔,Willi Thomczyk,克里斯蒂安娜·保罗,汉恩斯·詹尼可,珍妮·爱娃-艾瓦仓庚,科琳娜·哈弗奇,瓦伦丁·施威格"
蝙蝠侠：红影迷踪,"动作,动画,犯罪,惊悚",2010-07-27,13624,8.5,"布鲁斯·格林伍德,尼尔·帕特里克·哈里斯,詹森·阿克斯,约翰·迪·马吉欧,Alexander Martella,韦德·威廉姆斯,文森特·马特拉,詹森·艾萨克,吉姆·皮多克"
最长的一天,"动作,剧情,历史,战争",1962-10-04,11930,8.5,"理查德·伯顿,肖恩·康纳利,亨利·方达,约翰·韦恩,莱德·巴顿斯,沃尔夫冈·巴特纳,汤米·桑兹,罗伯特·瑞安,诺曼·罗辛顿,沃尔夫冈·普莱斯,莱斯利·菲利普斯,艾德蒙·奥布莱恩,肯尼思·莫尔,罗伯特·米彻姆,乔治·席格,罗德·斯泰格尔,理查德·托德,约翰·格雷格森,汉斯·克里斯蒂安·布勒希,迈克尔·梅德温,萨尔·米涅奥,斯图尔特·惠特曼,罗伯特·瓦格纳,彼得·范·埃克,汤姆·特莱昂,罗迪·麦克道尔,杜威·马丁,理查德·贝梅尔,让-路易斯·巴劳特,阿莱蒂,保罗·安卡,埃迪·艾伯特,布尔维尔,雷·丹顿,伊琳娜·德米克,彼特·劳福德,库尔德·于尔根斯,杰弗里·亨特,唐纳德·休斯敦,里奥·吉恩,杰特·弗罗比,史蒂夫·弗罗斯特,梅尔·费勒,法比安"
飞出个未来大电影2：万背之兽,"动画,动作,喜剧,爱情,科幻",2008-06-24,3445,8.5,"凯特蕾·萨加尔,劳伦·汤姆,比利·维斯特,莫里斯·拉马奇,史蒂芬·霍金,特蕾丝·麦克尼尔,菲尔·拉马,大卫·克罗斯,约翰·迪·马吉欧,布莱特妮·墨菲,大卫·赫尔曼,丹·卡斯泰兰尼塔"
通往自由的通道,"动作,剧情,历史,惊悚",2001-01-21,3437,8.5,"海诺·费尔希,尼科莱特·克雷比茨,塞巴斯蒂安·科赫,亚历山德拉·玛丽亚·拉娜,克劳迪亚·米歇尔森,菲力克斯·伊特纳,穆罕默德·库尔图卢斯"
笔中情,"剧情,动作,爱情,古装",1982,2893,8.5,"朱碧云,叶高,张闽,赵静,王伯昭,牛犇,史原,迟重瑞,丁嘉元,高维明,程之"
未知死亡 原版,"动作,剧情,悬疑,爱情,惊悚",2005-09-29,1902,8.5,"苏利耶·西瓦库马,阿辛,纳彦塔拉,马诺巴拉"
英雄本色,"剧情,动作,犯罪",1967-09-13,1868,8.5,"谢贤,石坚,杜平,周吉,许莹英,龙刚,麦基,孟莉,西瓜刨,王伟,王克,何柏光,张作舟,尹灵光,刘准,周惠芳,黄梅,黄培基,嘉玲"
王牌特工：特工学院,"喜剧,动作,冒险",2015-03-27,629418,8.4,"塔伦·埃哲顿,科林·费尔斯,塞缪尔·杰克逊,迈克尔·凯恩,马克·斯特朗,索菲·库克森,索菲亚·波多拉,马克·哈米尔,杰克·达文波特,萨曼塔·沃马克,汉娜·奥斯特罗姆,约诺·戴维斯,亚历克斯·尼科洛夫,维利贝·托皮奇,杰夫·贝尔,艾德里安·奎因顿,乔丹·朗,西奥·巴克利姆-比格斯,摩根·华金斯,拉尔夫·伊内森,爱德华·霍尔克罗夫特,尼古拉斯·班克斯,罗温·波隆斯基,阿拉斯泰尔·麦金托什,保利娜·博内瓦,杰克·卡特莫尔-斯科特,莉莉·崔佛斯,理查德·布雷克,张欣,刘北辰,郭易峰,马特·霍金斯,Jack ""JB"" Bauer ,安德烈·莱纳,内芙·加切夫,克里·约翰逊,卡利·内勒,丹尼尔·韦斯特伍德,汤姆·普赖尔"
钢铁侠,"动作,冒险,科幻,惊悚",2008-04-30,554451,8.4,"小罗伯特·唐尼,泰伦斯·霍华德,格温妮斯·帕特洛,杰夫·布里吉斯,莱丝莉·比伯,肖恩·托布,保罗·贝坦尼,乔恩·费儒,克拉克·格雷格,比尔·斯米托洛维奇,弗拉基米尔库布尔,德尼兹·恰克尔,加布里埃尔·图特,爱丽珊·麦卡蒂,斯坦·李,唐娜·伊凡斯,彼得·比灵斯雷,法兰·塔希尔,瑞德·哈珀,吉姆·克莱默,莉吉·诺尔·兰德,阿美莉嘉·奥利沃,珍妮·卡斯帕,艾琳·魏辛格,本·纽马克,安东尼奥·克里斯蒂纳,卡莉·克劳格韦尔,艾娃·罗斯·威廉斯,汤姆·莫雷罗,威尔·莱曼,拉娜·金纳尔,塞缪尔·杰克逊,罗伯特·麦克墨尔,克里斯特尔·玛丽·丹纳,约书亚·哈尔托,纳赞宁·波妮阿蒂,帕特里克·奥康奈尔,莎拉·卡希尔,蒂姆·金尼,法希姆·法兹利,杰弗里·阿希金,提姆·里格比"
电影名称,类型,上映日期,评价数,评分,主演
小萝莉的猴神大叔,"剧情,喜剧,动作",2018-03-02,455284,8.4,"萨尔曼·汗,哈莎莉·马洛特拉,卡琳娜·卡普尔,纳瓦祖丁·席迪圭,欧姆·普瑞,梅·维贾,席尔帕.舒克拉,拉杰什·沙玛,沙拉蒂·瑟斯纳,阿图·斯里瓦斯塔瓦,阿德南·萨米,马诺·巴克什,维莫尔·卡肖尔,凯姆利什·吉尔,纳伊姆·汗,埃朗·哈斯米,迪普提·纳瓦尔,阿尔卡·芭朵拉·卡肖尔"
速度与激情7,"动作,犯罪",2015-04-12,451973,8.4,"范·迪塞尔,保罗·沃克,杰森·斯坦森,米歇尔·罗德里格兹,乔丹娜·布鲁斯特,泰瑞斯·吉布森,卢达·克里斯,道恩·强森,卢卡斯·布莱克,库尔特·拉塞尔,娜塔莉·伊曼纽尔,埃尔莎·帕塔奇,盖尔·加朵,约翰·布罗特顿,卢克·伊万斯,托尼·贾,杰曼·翰苏,诺尔·古格雷米,阿里·法扎勒,姜成镐,龙达·鲁西,伊吉·阿德利亚,乔恩·李·布罗迪,查理·普斯,萨拉·米博·孙,乔赛琳·唐娜休,布里特妮·阿尔格,宝娃,卡莉·普雷斯科特,斯蒂芬·考特尔,托娜塔·摩根,安娜·科尔韦尔,阿莉莎·威尼斯,柯迪·沃克,罗伯特·普拉尔戈,切尔西·佩雷拉,凯瑟琳陈,布莱恩·马霍尼,法希姆·纳吉,若泽·阿布利尔,贾内尔·伊斯拉斯"
加勒比海盗2：聚魂棺,"动作,冒险,奇幻",2006-07-07,390704,8.4,"约翰尼·德普,奥兰多·布鲁姆,凯拉·奈特莉,杰克·达文波特,比尔·奈伊,乔纳森·普雷斯,李·阿伦伯格,麦肯锡·克鲁克,凯文·麦克纳利,大卫·拜利,斯特兰·斯卡斯加德,汤姆·霍兰德,娜奥米·哈里斯,马丁·科勒巴,大卫·斯科菲尔德,亚力克斯·诺顿,劳伦·马赫,内杰·亚当森,卢克·德·沃夫松,德里克·奥康纳,德莫特·基尼,克里夫·阿什伯恩,罗比·基,麦克斯·贝克,史蒂夫·斯皮尔斯,约翰·博斯沃尔,克里斯托弗·亚当森,安迪·比克维奇,乔纳森·林斯利,西蒙·米考克,瓦妮莎·布兰奇,大卫·斯特恩,安东尼·帕特里西奥,迈克尔·恩莱特,马克·可汗,大卫·扎赫迪安,法乌齐·卜拉希米,雷吉·李,杰拉德·J·雷耶斯,哈亚提·阿克巴斯,斯蒂芬·阿纳尼茨,拉斯蒂·格瑞斯登·博林,罗恩·博蒂塔,盖伊·查普曼,尼尔·德蒙特,杰拉德·加纳,赛米·汉拉缇,达隆·亨廷顿,保罗·雅各布森,马克·约瑟夫,乔纳森·克特,杰弗里·拉什,谢鹤群,金永钢,陆建艺,加里·西弗斯,亚历山大苏恩佐夫,约瑟夫·史蒂文,尼基·泰勒·梅尔顿,卡莉·罗森博格,玛姬·蒙罗,安·马修斯,艾琳·沙基,迈克尔·博诺莫,马克·约瑟夫,迈克尔·A·莱文,尼古拉斯·里德,詹姆斯·S·莱文"
霍比特人1：意外之旅,"动作,奇幻,冒险",2013-02-22,385441,8.4,"伊恩·麦克莱恩,马丁·弗瑞曼,理查德·阿米蒂奇,肯·斯托特,格拉汉姆·麦克泰维什,詹姆斯·内斯比特,迪恩·奥戈曼,艾丹·特纳,雨果·维文,凯特·布兰切特,安迪·瑟金斯,西尔维斯特·迈可伊,克里斯托弗·李,伊利亚·伍德,伊安·霍姆,李·佩斯,本尼迪克特·康伯巴奇,姜广涛,马努·贝内特,布雷特·麦肯齐,泰瑞·诺塔里,陆建艺,亚当·布朗,柯南·史蒂文斯,布耐恩·布莱塞得,杰德·布罗菲,马克·哈德洛,约翰·凯伦,斯蒂芬·亨特,彼得·汉布尔顿,威廉·基尔舍,巴瑞·哈姆弗莱斯,鲁比·阿什伯恩·瑟金斯,约翰·劳斯,迈克尔·米兹拉希,海登·J·维尔,史蒂芬·乌瑞,杰弗瑞·托马斯,周志强"
国产凌凌漆,"动作,喜剧",1994-10-13,373646,8.4,"周星驰,袁咏仪,罗家英,陈宝莲,郑祖,黄锦江,李力持,于荣光,李健仁,古明华,黄一飞,梁思浩,梁小熊,曾守明,邓兆尊,梁克逊,黄老邪,叶进,白韵琴,邓泰和,邹义训,钟荣,英德拉·利奇"
霍比特人2：史矛革之战,"动作,奇幻,冒险",2014-02-21,343704,8.4,"伊恩·麦克莱恩,马丁·弗瑞曼,理查德·阿米蒂奇,本尼迪克特·康伯巴奇,奥兰多·布鲁姆,伊万杰琳·莉莉,李·佩斯,卢克·伊万斯,斯蒂芬·弗雷,肯·斯托特,詹姆斯·内斯比特,约翰·贝尔,马努·贝内特,杰德·布罗菲,亚当·布朗,约翰·凯伦,瑞安·盖奇,马克·哈德洛,彼得·汉布尔顿,斯蒂芬·亨特,威廉·基尔舍,西尔维斯特·迈可伊,格拉汉姆·麦克泰维什,迪恩·奥戈曼,米卡埃尔·佩斯布兰特,艾丹·特纳,彼得·杰克逊,泰瑞·诺塔里,佩吉·内斯比特,玛丽·内斯比特,周志强,姜广涛,Isabelle Rose Kircher,西蒙·伦顿,马克·米钦森,莎拉·皮尔斯,史蒂芬·乌瑞,史蒂芬·寇贝尔,格雷格·埃利斯,达拉斯·巴内特,Robin Kerr,伊利亚·伍德,雨果·维文,克里斯托弗·李,克里格·霍尔,劳伦斯·马克奥雷,凯特·布兰切特"
罪恶之城,"动作,犯罪,惊悚",2005-04-01,188226,8.4,"杰西卡·阿尔芭,布鲁斯·威利斯,克里夫·欧文,本尼西奥·德尔·托罗,罗莎里奥·道森,布莱特妮·墨菲,米基·洛克,阿丽克西斯·布莱德尔,乔什·哈奈特,戴文青木,鲍沃斯·布斯,祖德·塞克利拉,Jeffrey J. Dashnaw,杰森·道格拉斯,迈克·克拉克·邓肯,汤米·弗拉纳根,里克·戈麦斯,卡拉·古奇诺,鲁特格尔·哈尔,David H. Hickey,尼基·凯特,杰米·金,迈克尔·马德森,伊桑·曼尼奎斯,John McLeod,克拉克·米德尔顿,弗兰克·米勒,伊桑·瑞恩斯,尼克·奥弗曼,马可·佩雷拉,兰德尔·瑞德,玛丽·谢尔顿,尼克·斯塔尔,保罗·T·泰勒,肯·托马斯,Rico Torres,麦肯兹·韦加,阿里·维文,克里斯·华纳,伊利亚·伍德,杰西卡·黑尔,Sammy Harte,劳伦伊莱恩爱德森,Texas,Emmy Robbin,罗伯特·罗德里格兹,彭妮·维塔尔,凯瑟琳·威利斯,里克·高莫兹"
英雄本色2,"剧情,动作,犯罪",1987-12-17,161256,8.4,"狄龙,张国荣,周润发,石天,关山,朱宝意,曾江,成奎安,吴孟达,王正方,谷轩昭,李华干,萧玉,胡智龙,杜伟和,良鸣,林富伟,林志泰,李耀景,麦飞鸿,罗树琪,伍国健,龙铭恩,顾嘉辉,刘晃世,黄伟辉,陈志辉,刘兆铭,简慧真"
星球大战,"动作,科幻,冒险",1977-05-25,127564,8.4,"哈里森·福特,马克·哈米尔,凯丽·费雪,彼得·库欣,亚历克·吉尼斯,彼德·梅犹,大卫·鲍罗斯,詹姆斯·厄尔·琼斯,安格斯·麦金尼斯,里夏尔·勒帕芒捷,菲尔·布朗,乔·庄斯顿,希拉·弗雷泽,杰克·普韦思,加里克·哈根,保罗·布雷克,蒂凡尼·L·库尔茨,李立宏,奥田瑛二,埃迪·伯恩,威廉·胡特金斯,丹尼斯·劳森,史蒂夫·高利,瑞克·麦克勒姆,格兰特·麦丘恩,Doug Beswick,Jon Berg,洛尔恩·彼得森,菲尔·蒂贝特,史蒂夫·威廉姆斯,安东尼·丹尼尔斯,肯尼·贝克"
监狱风云,"剧情,动作,犯罪",1987-11-13,113347,8.4,"周润发,梁家辉,何家驹,张耀扬,黄光亮,吴志雄,成奎安,王文君,韩坤,霍瑞华,冯瑞珍,罗树琪,良鸣,黄伟辉,麦伟章,简瑞超,黃志明,李广添,林富伟"
星球大战前传3：西斯的复仇,"动作,科幻,奇幻,冒险",2005-05-20,99539,8.4,"伊万·麦克格雷格,娜塔莉·波特曼,海登·克里斯滕森,伊恩·麦克迪阿梅德,塞缪尔·杰克逊,吉米·斯密茨,弗兰克·奥兹,安东尼·丹尼尔斯,克里斯托弗·李,凯莎·卡斯特-休伊斯,西拉斯·卡森,Jay Laga'aia,布鲁斯·斯宾斯,韦恩·佩格拉姆,特穆拉·莫里森,奥利弗·福德·戴维斯,阿梅德·贝斯特,杰米·布洛奇,肯尼·贝克,彼德·梅犹,乔尔·埃哲顿,邦妮·皮耶斯,艾米·爱伦,Graeme Blundell,特丽莎·诺贝尔,克劳迪娅·卡万,Keira Wingate,吉娜薇·欧瑞丽,奇·陈,丽纳·欧文,克里斯托弗·卡比,马修·伍德,克里斯蒂·莱特,Mousy McCallum,Michael Kingma,大卫·阿克德,Jill Brooks,罗布·科尔曼,本·库克,卡罗琳·德索扎,纳许·埃哲顿,Nick Gillard,罗杰·盖耶特,尼克·詹姆森,詹姆斯·厄尔·琼斯,Ali Keshavji,戈兰·D·克鲁特,约翰·诺尔,Nalini Krishan,约翰·莱文,白灵,乔治·卢卡斯,金锋,罗汉·尼克尔,大卫·博维斯,奥丽·绍珊,山口英胜,约翰·西格尔德森,马特·斯隆,Christian J. Simpson,Denise Ream,凯蒂·卢卡斯"
星球大战2：帝国反击战,"动作,冒险,科幻",1980-05-21,97212,8.4,"马克·哈米尔,哈里森·福特,凯丽·费雪,比利·迪·威廉姆斯,安东尼·丹尼尔斯,大卫·鲍罗斯,彼德·梅犹,肯尼·贝克,弗兰克·奥兹,亚历克·吉尼斯,詹姆斯·厄尔·琼斯,奥田瑛二,杰米·布洛奇,约翰·霍林斯,克里夫·雷维尔,朱利安·格洛弗,迈克尔·谢尔德,丹尼斯·劳森,肯尼斯·考利"
天若有情,"动作,剧情,爱情",1990-06-14,95405,8.4,"刘德华,吴倩莲,吴孟达,朱铁和,刘江,黄光亮,仙杜拉,钟荣,林富伟,林志泰,姚文基,林聪,洪同剑,黄伟辉,简瑞超,吴回,黄莎莉,元彬,梁珊,陈敏儿,朱继生,吴浣仪,黃志明,谢伟杰"
暗花,"剧情,动作,犯罪,悬疑",1998-01-01,94008,8.4,"刘青云,梁朝伟,邵美琪,王天林,卢海鹏,郑浩南,林雪,龙方,林富伟,林志泰,缪健德,程小龙,方刚,赵志诚,元彬"
星球大战3：绝地归来,"动作,科幻,冒险",1983-05-25,88688,8.4,"马克·哈米尔,哈里森·福特,安东尼·丹尼尔斯,凯丽·费雪,比利·迪·威廉姆斯,彼德·梅犹,伊恩·麦克迪阿梅德,弗兰克·奥兹,亚历克·吉尼斯,基兰·沙阿,奥田瑛二,托尼·考克斯,迪普·罗伊,帕特·威尔士,罗伯特·沃茨,杰米·布洛奇,卡罗琳·布莱奇斯顿,大卫·鲍罗斯,沃维克·戴维斯,本·贝尔特,塞巴斯蒂安·肖,詹姆斯·厄尔·琼斯,Tina Simmons,Larry Ward,Sal Fondacaro,菲尔·方德卡罗,费利克斯·西拉,克莱尔·达文波特,Luis De Jesus,Gerald Home,理查德·琼斯,丹尼斯·劳森,Kendra Wall,希尔顿·麦克雷,Michael Pennington,Ralph Morse,迪基·比尔,萨迪·科尔,黛比·李·卡林顿,保罗·布洛克,肯尼斯·考利,理查德·马昆德,迈克尔·吉尔顿,肯尼·贝克,John Altman,唐·比斯,迈克尔·亨博瑞·巴尔兰,莎拉·本内特,米迦勒·卡特,德尔莫特·克劳利,蒂姆·罗斯"
僵尸先生,"动作,喜剧,奇幻",1985-11-07,78631,8.4,"林正英,许冠英,钱小豪,李赛凤,楼南光,王小凤,黄虾,元华,陈友,何柏光,刘秋生,彭润祥,元武,张荣祥,午马,黄韵诗,田启文"
荒野大镖客,"动作,西部",1964-09-12,63153,8.4,"克林特·伊斯特伍德,吉安·马里亚·沃隆特,沃尔夫冈·路卡西,玛丽安妮·柯奇,西戈德·拉普,约瑟夫·埃格,何塞·卡尔沃,玛加丽塔·洛扎诺,丹尼尔·马汀,贝尼托·斯特凡内利,马里奥·布雷加,布鲁诺·卡罗泰努托,阿尔多·桑布雷利,哈利·戴恩·斯坦通,李·米勒,弗兰克·布拉尼亚,恩里科·玛丽亚·萨莱诺,Luis Barboo,纳扎雷诺·纳塔莱,José Riesgo,何塞·奥哈斯,Nosher Powell,翁贝托·斯帕达罗,Fernando Sánchez Polack,Antonio Vico,William R. Thompkins,José Canalejas"
猛龙过江,"动作,喜剧,犯罪,剧情,惊悚",1972-12-30,41743,8.4,"李小龙,苗可秀,查克·诺瑞斯,魏平澳,黄宗迅,罗伯特·沃尔,黄仁植,金帝,刘永,小麒麟,玛丽莎·隆戈,陈福庆,乔恩·T·巴恩,约翰·德比希尔,占占士,林正英,朱塞佩·马罗科,安德鲁·摩根,聂安达,Homan Tapsell,张佩山,阿里卡尔多·维尼,元彪"
蝙蝠侠：黑暗骑士归来(上),"动作,动画",2012-09-25,26026,8.4,"彼得·威勒,阿芮尔·温特,迈克尔·爱默生,迈克尔·麦基恩,韦德·威廉姆斯,加里·安东尼·威廉斯,罗伯·鲍森,大卫·塞尔比,莫里斯·拉马奇,加里·安东尼·斯特吉斯,格文多林·叶"
空山灵雨,"剧情,动作,武侠,古装",1979-07-11,14495,8.4,"田丰,孙越,徐枫,秦沛,石隽,吴明才,吴家骧,佟林,萧德虎,王光裕,鲁纯,李文泰,陈慧楼,金昌根,杜伟和"
电影名称,类型,上映日期,评价数,评分,主演
关山飞渡,"动作,剧情,爱情,西部",1939-02-15,13910,8.4,"约翰·韦恩,克莱尔·特雷弗,约翰·卡拉丁,托马斯·米切尔,吉姆·梅森,Theodore Lorch,Paul McVey,唐纳德·米克,罗伯特·霍曼斯,沃尔特·麦克格莱尔,Merrill McCormick,Chris-Pin Martin,Florence Lake,Si Jenks,Duke R. Lee,Cornelius Keefe,Vester Pegg,Bryant Washburn,汉克·沃登,Whitehorse,Mickey Simpson,哈利·坦布鲁克,Chuck Stubbs,Buddy Roosevelt,Elvira Ríos,Joe Rickson,Artie Ortego,杰克·彭尼克,露易丝·普拉特,Louis Mason,Helen Gibson,弗兰克·贝克,亚基马·坎纳特,J·P·麦高恩,乔治·班克罗夫特,安迪·德怀恩,汤姆·泰勒,伍迪·斯特罗德,弗朗西斯·福特,威廉姆·霍珀,Dorothy Appleby,Chief John Big Tree,丹尼·鲍沙其,Marga Ann Deighton,Brenda Fowler,Tex Driscoll,富兰克林·法纳姆,Nora Cecil,Ed Brady,伯顿·丘吉尔,Fritzi Brunette,史提夫克莱门特,Bill Cody,Jack Curtis,泰德·比林斯,提姆·霍尔特"
最臭兵器,"动作,战争,动画",1995-02-23,8793,8.4,"堀秀行,羽佐间道夫,大塚周夫,阪脩,绪方贤一,大塚明夫,京田尚子,石森达幸,藤井佳代子,神代知衣,曾我部和行,岛田敏,田中亮一,岸野幸正,佐藤佑晖,大泷进矢,卷岛直树,岩永哲哉,中村尚子,小林通孝"
盗信情缘,"犯罪,剧情,动作,喜剧",1997-08-16,4898,8.4,"堤真一,远山景织子,大杉涟,平泉成,泷泽凉子,磨赤儿,寺岛进,萨布,山本亨,堀部圭亮"
忍者小英雄,"喜剧,动作,运动",1992-08-07,1480,8.4,"黄自强,迈克尔·特雷纳,麦克斯·艾略特·斯莱德,Chad Power,田中通教授,帕特里克·莱比奥托,Baha Jackson,弗里茨·布尔,Al Septien,克里夫顿·鲍威尔"
红海行动,"动作,战争",2018-02-16,973404,8.3,"张译,黄景瑜,海清,杜江,蒋璐霞,尹昉,王强,郭家豪,王雨甜,麦亨利,张涵予,王彦霖,蔡洁,尚,霍思燕,任达华,黄芬芬,于大伟,李响"
杀死比尔,"动作,犯罪,惊悚",2003-09-29,471954,8.3,"乌玛·瑟曼,刘玉玲,薇薇卡·福克斯,达丽尔·汉纳,大卫·卡拉丁,迈克尔·马德森,朱莉·德赖弗斯,栗山千明,千叶真一,刘家辉,迈克尔·帕克斯,迈克尔·鲍文,国村隼,大叶健二,风祭由纪,高桥一生,真濑树里,张伸,田中要次,佐藤佐吉,森下能幸,北村一辉,Ambrosia Kelley"
变形金刚,"动作,科幻",2007-07-11,450854,8.3,"希亚·拉博夫,梅根·福克斯,乔什·杜哈明,泰瑞斯·吉布森,瑞切尔·泰勒,安东尼·安德森,强·沃特,约翰·特托罗,迈克尔·奥尼尔,凯文·杜恩,朱丽叶·怀特,阿莫里·诺拉斯科,扎克·沃德,Michael Trisler,里兹万·曼吉,威廉姆·摩根·谢泼德,克里斯托弗·约翰·托马森,伯尼·麦克,Carlos Moreno Jr.,约翰·罗宾森,特拉维斯·范·文克,彼得·雅各布森,格伦·莫肖尔,Frederic Doss,查理·博丁,乔舒华·费恩曼,克里斯·埃里斯,斯蒂芬·福特,迈克尔·肖姆斯·维尔斯,斯科特·皮特,Colleen Porch,布赖恩·斯特帕尼克,杰米·麦克布莱德,安迪·米尔德,布莱恩·里斯,萨曼塔·史密斯,拉维·帕特尔,里克·戈麦斯,麦克·费舍尔,汤姆·伦克,贾米森·杨,伊斯特·斯高特,麦迪逊·梅森,安德鲁·卡德威尔,J·P·马诺克斯,Chip Hormess,米歇尔·皮尔斯,奥黛塔·安纳布尔,鲍勃·斯蒂芬森,彼特·库伦,马克·瑞安,达里乌斯·麦克拉里,罗伯特·福克沃斯,杰斯·哈梅尔,雨果·维文,雷诺·维尔森,查尔斯·阿德勒,Mike Allen,肯尼·贝茨,迈克尔·贝,James Blackburn,Paul Michael Bloodgood,伊安·布莱斯,詹姆斯·C·伯恩斯,Kevin Carvell,凯德·科特立,Christopher M. Dukes,科尔顿·海恩斯,姜广涛,里克·高莫兹,奥玛·本森·米勒,陆建艺,汤姆·埃沃雷特,妮可·兰德尔·约翰逊,任亚明,Seth Miller,Aaron Michael Lacey,Kyle Saylors,詹姆斯·D·韦斯顿二世,迈克尔·博诺莫,塞巴斯蒂安·莱内尔,Sean Hampton,肖恩·史密斯,Michael J. Fisher,夏治世,王凯"
银翼杀手2049,"剧情,动作,科幻",2017-10-27,449753,8.3,"瑞恩·高斯林,哈里森·福特,安娜·德·阿玛斯,西尔维娅·侯克斯,罗宾·怀特,杰瑞德·莱托,戴夫·巴蒂斯塔,麦肯兹·戴维斯,卡拉·朱里,爱德华·詹姆斯·奥莫斯,巴克德·阿巴蒂,大卫·达斯马齐连,西娅姆·阿巴斯,连尼·詹姆斯,马克·阿诺德,肖恩·杨,萨莉·哈姆森,斯戴芬·莫昌特,伍德·哈里斯,托马斯·勒马尔奎斯,克里斯塔·科索恩,大卫·本森"
第九区,"动作,剧情,科幻,惊悚",2009-11-27,423234,8.3,"沙尔托·科普雷,詹森·库伯,娜塔莉·博尔特,茜尔雯·斯特赖克,约翰·萨莫尔,威廉·艾伦·扬,尼克·布雷克,杰德·布罗菲,路易斯·米纳尔,瓦妮莎·海伍德,玛丽安·胡曼,维多利奥·莱奥纳迪,曼德拉·加杜卡,约翰·范·肖尔,斯特拉·斯廷坎普,戴维·詹姆斯,肯尼思·恩科西,蒂姆·戈登,莫尔内·埃拉斯姆斯,尤金·孔巴尼瓦,赫棱基维·马德拉拉,西雅邦加·拉德贝,梅尔特·西贝尔哈亨,安德勒·奥登达尔,尼克·伯莱尼,罗伯特·霍布斯,Barry Strydom,西莫·莫加瓦扎,伊丽莎白玛坎达维,格雷格·梅尔维尔-史密斯,Morena Busa Sesatsa,Themba Nkosi,Mzwandile Nqoba,大卫·杜卡斯"
碟中谍4,"动作,惊悚,冒险",2012-01-28,406664,8.3,"汤姆·克鲁斯,杰瑞米·雷纳,西蒙·佩吉,宝拉·巴顿,蕾雅·赛杜,迈克尔·恩奎斯特,弗拉基米尔·马什科夫,萨穆里·埃德尔曼,伊万·舍甫多夫,亚尼·卡普,乔什·哈洛威,帕维尔·克里兹,米拉吉·格尔比克,伊利亚·沃里克,戈兰·纳沃耶克,拉迪斯拉夫·伯兰,Tomás Valík,兰迪·霍尔,维塔利·克拉夫琴科,麦克·多普德,马丁·哈伯,Ivo Novák,Marek Dobes,克劳迪娅·瓦西科娃,布莱恩·卡斯佩,佩特拉·卢斯提戈瓦,艾普尔·斯图瓦特,安德雷斯·魏斯涅夫斯基,迪米特里·柴波维特斯基,道恩·楚拜,凯斯·达拉斯,Tammy Hui,大卫·斯图尔特,Sabrina Morris,杰西卡·贝尔金,斯蒂芬·罗波,米歇尔·莫纳汉,阿里·奥洛米,文·瑞姆斯,米哈利·绍鲍多什,汤姆·威尔金森,米尔黑·考塔兹"
金刚狼3：殊死一战,"剧情,动作,科幻",2017-03-03,403357,8.3,"休·杰克曼,帕特里克·斯图尔特,达芙妮·基恩,波伊德·霍布鲁克,斯戴芬·莫昌特,伊丽莎白·罗德里格斯,多丽丝·莫尔加多,理查德·E·格兰特,玛丽·佩顿·斯图尔特,伊利斯·尼尔,埃里克·拉萨尔,劳伦·格罗斯,胡安·贾斯帕,克日什托夫·索什斯基,萨博·班克森,朱莉娅·霍特,杰罗米菲茨杰罗德,卢克·霍克斯,昆西·佛斯,约翰·伯纳克,戴夫·戴维斯,丹尼尔·伯哈特,弗兰克·加列戈斯,埃尔考勒诺,西耶娜·诺维科夫"
加勒比海盗3：世界的尽头,"动作,冒险,奇幻",2007-06-12,365222,8.3,"约翰尼·德普,杰弗里·拉什,奥兰多·布鲁姆,凯拉·奈特莉,杰克·达文波特,比尔·奈伊,乔纳森·普雷斯,李·阿伦伯格,麦肯锡·克鲁克,凯文·麦克纳利,大卫·拜利,斯特兰·斯卡斯加德,汤姆·霍兰德,娜奥米·哈里斯,马丁·科勒巴,大卫·斯科菲尔德,劳伦·马赫,德莫特·基尼,克里夫·阿什伯恩,克里斯托弗·亚当森,安迪·比克维奇,乔纳森·林斯利,周润发,凯斯·理查德兹,加桑·马苏德,哈基姆·凯-卡西姆,多米尼克·斯科特·凯伊,瓦妮莎·布兰奇,雷吉·李,马绍尔·曼尼什,安格斯·巴尼特,Giles New,塔卡尤·费舍尔,马塞尔·尤勒斯,塞尔希奥·卡尔德龙,詹姆斯·兰开斯特,格雷格·埃利斯,布伦登·贝尔,谢鹤群,马克·约瑟夫,欧米德·吉亚李利,克里斯奥尔波特,Ned Wertimer,马克·海德斯,马修·沃尔夫,JB·布兰科,Gregory Allen,伊索·阿克瑞恩,拉斯蒂·格瑞斯登·博林,阿诺德·庄,杰森·T·克拉克,斯塔尼·科佩,Nicole Dionne,马克·卡西米尔·戴妮奇斯,金永钢,陆建艺,加里·西弗斯"
疯狂的赛车,"动作,冒险,喜剧",2009-01-20,342407,8.3,"黄渤,戎祥,九孔,徐峥,王双宝,巴多,董立范,高捷,马少骅,王迅,刘刚,Worapoj Thuantanon,赵奔,李麒麟,姜志刚,王鹭,宁浩"
鹿鼎记,"喜剧,动作,武侠,古装",1992-07-30,307647,8.3,"周星驰,吴孟达,张敏,吴君如,邱淑贞,刘松仁,陈百祥,袁洁莹,温兆伦,徐锦江,陈德容,林青霞,钱似莺,郑家生,胡立成,林芳雪,刘江,雷达"
铁甲钢拳,"剧情,动作,科幻,运动",2011-11-08,256848,8.3,"休·杰克曼,达科塔·高尤,凯文·杜兰,安东尼·麦凯,伊万杰琳·莉莉,霍普·戴维斯,詹姆斯·瑞布霍恩,奥嘉·方达,凯文·多曼,天海祐希,J·J·格林,朱利安·甘特,大卫·阿伦·伯施理,卡尔·尹"
飓风营救,"动作,犯罪,剧情,惊悚",2008-04-09,241078,8.3,"连姆·尼森,玛姬·格蕾斯,法米克·詹森,利兰·奥瑟,强·格瑞斯,大卫·沃肖夫斯基,凯蒂·卡西迪,山德·贝克利,霍莉·瓦兰丝,杰拉德·沃特金斯,阿尔本·巴贾拉克塔拉贾,海伦娜·苏贝兰德,安纳托·陶布曼,马克·阿米约,石冢运升,唐·阿伯纳西,拉蒂沃杰·布克维奇,奥利维尔·雷堡汀,尼古拉斯·吉劳德,戈兰·卡斯蒂克"
绅士们,"喜剧,动作,犯罪",2019-12-03,204913,8.3,"马修·麦康纳,查理·汉纳姆,休·格兰特,亨利·戈尔丁,米歇尔·道克瑞,杰瑞米·斯特朗,琳·勒内,科林·法瑞尔,汤姆·吴,奇迪·阿朱福,埃迪·马森,杰森·王,约翰·达格尔什,乔丹·朗,莉莉·弗雷泽,Gershwyn Eustache Jnr,萨缪尔·韦斯特,杰拉丁·萨莫维尔,可可·萨姆纳,弗朗茨·德拉姆,克里斯托弗·埃万格罗,詹姆斯·沃伦,汤姆·里斯哈里斯,丹尼·格里芬,马克斯·班内特,尤金娜·库日敏娜,布鲁斯·钟,阿什利·马克圭尔,乔治·阿斯普雷,杰克·琼斯,马文·坎贝尔,莫里斯·李,拉塞尔·巴洛格,伊川东吾,麦凯尔·戴维,Dominic Gibbs,布莱特妮·阿什沃斯,妮科尔·亨布拉,杰森· 莱恩斯,盖·里奇,塞尔哈特·梅汀,巴奇·马龙"
黄飞鸿,"剧情,动作,武侠,古装",1991-08-15,163262,8.3,"李连杰,元彪,关之琳,张学友,郑则仕,邱建国,任世官,熊欣欣,午马,秦贵宝,黄子扬,布鲁斯·方丹,江全,袁信义,袁祥仁,麦克·里德,冯雪瑞,任达华,许思敏,石坚,刘洵,岑潜波,余袁稳,林富伟"
少林寺,"动作,武侠,古装",1982-02-01,97753,8.3,"李连杰,于海,丁岚,于承惠,计春华,王光权,胡坚强,孙建魁,刘怀良,张建文,阎涤华,王珏,杜传扬,崔志强,寻峰,潘汉光,潘清福,蒋洪波,童自荣,户田惠子,毕克,钱似莺,成运安,方平"
第一滴血,"剧情,动作,冒险",1982-10-22,84653,8.3,"西尔维斯特·史泰龙,理查德·克里纳,布莱恩·丹内利,比尔·麦金尼,杰克·斯塔雷特,Michael Talbott,克里斯·马尔基,约翰·麦克利亚姆,大卫·卡罗素,查尔斯·A·坦伯罗,斯蒂芬·E·米勒,布鲁斯·格林伍德,加里·海瑟林顿,史蒂芬·常,蘇琪·白,John Rigg,Craig Huston"
电影名称,类型,上映日期,评价数,评分,主演
太极旗飘扬,"动作,剧情,战争",2004-02-06,81519,8.3,"张东健,元斌,李恩珠,孔炯轸,崔岷植,金海坤,郑镇,韩在民,裴长秀,金秀路,朴东彬,全仁杰,朱雅凛,权泰元,朴振国,郑基燮,赵胤熙,D.C.道格拉斯,亚当·爱泼斯坦,安吉江,Jae-hyeong Jeon,全宰亨,郑斗洪"
最终幻想7：圣子降临,"动画,动作,科幻,惊悚",2005-08-31,56262,8.3,"樱井孝宏,伊藤步,森久保祥太郎,森川智之,坂本真绫,大川透,藤原启治,楠大典,岸祐二,乃村健次,铃木省吾,小林正宽,山路和弘,嘉数由美,石川英郎,市村正亲,诸星堇,诹访部顺一,丰口惠美,银河万丈,铃村健一,田村睦心,日笠阳子,森田成一"
一个字头的诞生,"动作,喜剧,犯罪",1997-03-14,51086,8.3,"刘青云,吴镇宇,李若彤,徐锦江,张达明,郑祖,宋本中,黄卓玲,邹凯光,戎祥,太保,江锦荣,高天发,哈哈,黄玉云,林志泰"
双旗镇刀客,"动作,冒险,武侠",1991-05-17,40921,8.3,"高一玮,赵玛娜,常江,孙海英,王刚"
爱的曝光,"动作,喜剧,剧情,爱情",2008-11-29,32688,8.3,"西岛隆弘,满岛光,渡部笃郎,渡边真起子,安藤樱,玄觉悠子,大口广司,荒木望,大崎由希,裵明,永冈佑,堀部圭亮,落合扶树,松冈茉优,尾上宽之,中村麻美,仓本美鹤,绫野刚,日向奈奈美,板尾创路"
卡桑德拉大桥,"剧情,动作,惊悚,灾难",1976-12-18,27780,8.3,"索菲娅·罗兰,理查德·哈里斯,马丁·辛,O·J·辛普森,莱昂内尔·斯坦德,安·托克尔,英格丽·图林,李·斯特拉斯伯格,艾娃·加德纳,伯特·兰卡斯特,洛乌·卡斯特尔,约翰·菲利浦·劳,雷·洛夫洛克,阿莉达·瓦利,斯蒂法诺·帕特里兹,托马斯·亨特,福斯塔·阿韦利,安琪拉·古德温,约翰·P·杜拉尼,严崇德,李梓,童自荣"
龙争虎斗,"动作,犯罪",1973-07-26,26567,8.3,"李小龙,石坚,茅瑛,约翰·萨克松,吉米·凯利,安娜卡普莉,罗伯特·沃尔,钟玲玲,杨斯,Peter Archer,郝履仁,玛琳·克拉克,乔宏,洪金宝,成龙,元华,张佩山,张作舟,周嘉崇,陈会毅,林正英,董玮,孟海,元彬,陈龙,钟发,元彪"
追捕,"剧情,动作,犯罪",1976-02-11,26508,8.3,"高仓健,原田芳雄,西村晃,中野良子,田中邦卫,倍赏美津子,严崇德,杨成纯,童自荣,于鼎,毕克,尚华,丁建华,池部良,大泷秀治,邱岳峰"
日落黄沙,"动作,西部",1969-06-18,9849,8.3,"威廉·霍尔登,欧内斯特·博格宁,罗伯特·瑞安,艾德蒙·奥布莱恩,沃伦·奥茨,比尔·哈特"
蝙蝠侠：元年,"剧情,动作,动画,犯罪",2011-10-18,8656,8.3,"布莱恩·科兰斯顿,艾丽莎·杜什库,本·麦肯锡,凯缇·萨克霍夫,阿历克斯·罗克,莉莉娜·穆米"
机动警察剧场版1,"剧情,动作,科幻,动画,犯罪",1989-07-15,6489,8.3,"千叶繁,古川登志夫,林原惠美,西村知道,榊原良子,唐·费洛斯,Julie Ann Taylor,萨姆·里格尔,罗杰·克莱格·史密斯,二又一成,阪脩,井上瑶,大林隆介,乡里大辅,池水通洋,富永美伊奈"
孟菲斯美女号,"动作,剧情,战争",1990-09-07,6040,8.3,"马修·莫迪恩,埃里克·斯托尔兹,西恩·奥斯汀,莫拉格·席勒,Greg Francis,杰森萨尔基,凯茜·墨菲,布拉德利·拉威尔,尼尔·吉恩托利,里德·戴蒙德,大卫·斯特雷泽恩,简·霍洛克斯,麦克·麦克唐纳德,考特尼·盖恩斯,约翰·利思戈,泰特·多诺万,比利·赞恩,本·布劳德,D·B·斯威尼,斯蒂文·麦金托什,小哈里·康尼克"
变形金刚大电影,"动作,科幻,动画,冒险",1986-08-08,5117,8.3,"彼特·库伦,伦纳德·尼莫伊,弗兰克·维尔克,奥逊·威尔斯,贾德·尼尔森,克里斯·拉塔,诺曼·阿尔登,杰克·安杰尔,迈克尔·贝尔,格雷格·白尔杰,苏珊·布卢,科里·伯顿,罗杰·C·卡梅尔,维克多·卡洛里,Regis Cordic,斯加特曼·克罗索斯,Bud Davis,Walker Edmiston,保罗·伊丁,Michael Bell"
飞行器里的好小伙，或我是怎样花25小时11分从伦敦飞到巴黎,"冒险,喜剧,动作",1965-06-03,4499,8.3,"斯图尔特·惠特曼,莎拉·米尔斯,詹姆斯·福克斯,阿尔贝托·索尔迪,罗伯特·莫利,杰特·弗罗比,让-皮埃尔·卡塞尔,伊琳娜·德米克,埃里克·赛克斯,雷德·斯克尔顿,特里-托马斯,班尼·黑尔,石原裕次郎,弗劳拉·罗博森,卡尔·米夏埃尔·福格勒,萨姆·沃纳梅克,Eric Barker,莫瑞斯·德纳姆,Fred Emney,戈登·杰克逊,Davy Kaye,约翰·勒·梅苏里尔,Jeremy Lloyd,赞娜·马歇尔,米利塞特·马丁,埃里克·普罗曼,马乔里·罗德,诺曼·罗辛顿,William Rushton,格雷厄姆·斯塔克,Jimmy Thompson,Michael Trubshawe,托尼·汉考克,詹姆斯·罗伯逊·贾斯蒂,Gerald Campion,Pauline Challoner,Cicely Courtneidge,弗农·多布切夫,Maurice Dunster,费迪·梅恩,比尔·纳吉,史蒂夫·普利塔斯,Mike Read,Nicholas Smith,罗尼·斯蒂芬斯,Rita Tobin-Weske,詹姆斯·维利尔斯"
战略大作战,"动作,冒险,喜剧,战争",1970-06-23,4146,8.3,"克林特·伊斯特伍德,唐纳德·萨瑟兰,唐·里克斯,凯勒·欧康纳,特利·萨瓦拉斯,加文·麦克劳德,斯图尔特·马戈林"
达摩祖师,"剧情,传记,动作",1994-02-26,3968,8.3,"尔冬升,樊少皇,元武,陈松勇,樊梅生,惠天赐"
福禄双霸天,"喜剧,动作,犯罪,音乐",1980-06-20,3306,8.3,"约翰·贝鲁西,丹·艾克罗伊德,詹姆斯·布朗,凯比·卡洛威,雷·查尔斯,艾瑞莎·弗兰克林,史蒂夫·克罗帕,唐纳德·邓恩,威利霍尔,汤姆·马龙,洛乌·马里尼,马特·墨菲,艾伦·鲁宾,凯丽·费雪,派恩塔普·帕金斯,吉恩·詹森,朱迪丝·贝鲁西-皮萨诺,本·皮亚扎,卢·佩里曼,Charles Mountain,Hank Robinson,劳伦斯·特劳德,Leonard R. Garner Jr.,埃迪·多诺,Bill Telfer,Paul Swearingen,乔·沃尔什,Rosie Shuster,夏卡·康,Walter Horton,崔姬,保罗·雷宾斯,约翰·坎迪,詹姆斯·杜蒙特,约翰·兰迪斯,弗兰克·奥兹,史蒂文·威廉姆斯,斯蒂夫·劳伦斯,Jeff Morris,亨利·吉布森,詹姆斯·埃弗里,约翰·李·胡克,Raven De La Croix,拉尔夫·富迪,凯瑟琳·弗里曼,Wally Engelhardt,Carolyn Franklin,杰夫·卡希尔,Layne Britton,柯特·克伦德尼,史蒂芬·比肖普,查尔斯·纳佩尔"
菜鸟总动员：毕业,"剧情,动作",2009-05-30,2671,8.3,"佐藤隆太,市原隼人,小出惠介,城田优,中尾明庆,高冈奏辅,桐谷健太,佐藤健,五十岚隼士,山本裕典,石田卓也,吹石一惠,谷桃子 ,平山浩行,胜野洋,川村阳介,渡部笃郎,武田航平,绫濑遥,浅野和之"
航海家,"喜剧,动作,爱情",1924-10-13,2235,8.3,"巴斯特·基顿,凯瑟琳·麦奎尔,弗雷德里克·弗鲁姆,Clarence Burton,H.N. Clugston,诺贝·约翰逊"
假面骑士ZO,"动作,冒险,剧情,科幻",1993-04-17,1522,8.3,"佐佐木功,土门广,森永奈绪美"
电影名称,类型,上映日期,评价数,评分,主演
战俘列车,"动作,剧情,冒险,战争",1965-06-23,1440,8.3,"弗兰克·辛纳特拉,特瑞沃·霍华德,拉法艾拉·卡拉,布拉德·德克斯特,赛尔乔·凡托尼,约翰·莱顿,Ernesto Molinari,Eric Micklewood,迈克尔·罗曼诺夫,爱德华·马哈尔,维托·斯科蒂,克里斯托弗·里奥丹,Ivan Triesault,詹姆斯·希金,Al Silvani,约翰·范德雷伦,Robert 'Buzz' Henry,迈克尔·古德利菲,Joe Gray,阿道弗·切利,Lee Stanley,威廉姆·伯格,詹姆斯·布洛林,理查德·巴卡利安,唐诺·葛勒特,Al Wyatt Sr.,伊安·艾伯克龙比,Barry Ford,Horst Ebersberg,保罗·穆勒,约翰·达海姆,亚瑟·布豪斯,沃尔夫冈·普莱斯"
上海灘續集,"剧情,动作,爱情",1983-01-25,1099,8.3,"周润发,赵雅芝,吕良伟,刘丹,曾楚霖,林文伟"
复仇者联盟,"动作,科幻,奇幻,冒险",2012-05-05,622420,8.2,"小罗伯特·唐尼,克里斯·埃文斯,斯嘉丽·约翰逊,克里斯·海姆斯沃斯,杰瑞米·雷纳,马克·鲁弗洛,塞缪尔·杰克逊,汤姆·希德勒斯顿,斯特兰·斯卡斯加德,寇碧·史莫德斯,克拉克·格雷格,保罗·贝坦尼,格温妮斯·帕特洛,斯坦·李,哈利·戴恩·斯坦通,季冠霖,杰兹·斯科利莫夫斯基,艾什莉·约翰逊,沃伦·科尔,珍妮·艾加特,安维尔·乔卡亚,埃里克斯·德尼索夫,鲍沃斯·布斯,张磊,卢·弗里基诺,陆建艺,马克斯米利亚诺·赫尔南德斯,吉莉安·莫格斯,罗密·罗斯蒙特,蒂娜·本科,杰西·加西亚,罗伯特·克洛赫赛,沃特尔·派瑞兹,肯尼斯·提加尔,达米恩·波蒂埃,米拉罕·凯尔·辛格,金永钢,杰夫·沃尔夫,李明航,詹姆斯·埃克豪斯,布兰登·马修·莱恩,阿瑟·达尔比尼扬,卡德罗莎·奥娜·卡罗尔"
功夫熊猫,"喜剧,动作,动画,冒险",2008-06-20,529542,8.2,"杰克·布莱克,达斯汀·霍夫曼,安吉丽娜·朱莉,伊恩·麦柯肖恩,成龙,塞斯·罗根,刘玉玲,大卫·克罗斯,兰德尔·杜克·金,吴汉章,丹·福勒,迈克·克拉克·邓肯,韦恩·奈特,凯尔·加斯,JR·里德,劳拉·奈特林格,坦雅·海登,斯蒂芬·凯林,马克·奥斯本,约翰·斯蒂文森,肯特·奥斯博内,瑞利·奥斯本,陈奕迅,木村佳乃,房祖名,符爽,笹野高史,吴文伦"
X战警：逆转未来,"剧情,动作,科幻,冒险",2014-05-23,427671,8.2,"休·杰克曼,詹姆斯·麦卡沃伊,迈克尔·法斯宾德,詹妮弗·劳伦斯,哈莉·贝瑞,尼古拉斯·霍尔特,埃文·彼得斯,伊恩·麦克莱恩,帕特里克·斯图尔特,艾利奥特·佩吉,安娜·帕奎因,彼特·丁拉基,肖恩·阿什莫,卢卡斯·提尔,丹尼尔·库德摩尔,波波·斯图尔特,奥玛·希,范冰冰,阿丹·坎托,乔什·赫尔曼,米辛加·姆温加,格雷格·洛,凯尔希·格兰莫,布莱恩·考克斯,朱利安·凯西,劳伦斯·布莱切,杰森·德里恩,卡琳·瓦纳斯,尼尔·纳皮尔,罗伯特·蒙卡尔姆,布莱恩·何,米娅·谢尔顿-孔特雷拉斯,布里安娜·伯恩,周帅,莫·尤迪-拉穆尔,凯尔·盖特豪斯,泽拉·莱弗曼,Alex Ivanovici,卡德罗莎·奥娜·卡罗尔,Brendan Pedder,格里戈里·格拉季,Stéphane Julien,迈克尔·勒纳,安德里亚斯·艾波吉斯,麦克·多普德,马克·卡马乔,摩根·莉莉,Massimo Cannistraro,Lee Villeneuve,伊万·乔尼凯特,詹姆斯·麦斯登,法米克·詹森,贾·史密斯-约翰逊,Amelia Giovanni,罗伯特·克鲁克斯,泰-霍·乐"
生化危机,"动作,科幻,恐怖",2002-03-15,325475,8.2,"米拉·乔沃维奇,米歇尔·罗德里格兹,科林·萨蒙,埃里克·马比斯,詹姆斯·鲍弗,詹森·艾萨克,海克·玛卡琪,菲奥娜·格拉斯科特,帕斯奎尔·阿莱亚尔迪,马丁·克鲁斯,史蒂芬·比灵顿,杰米斯·巴特勒,约瑟夫·梅,丽兹·梅·布莱丝,杰米·哈丁,Anna Bolt"
X战警：第一战,"动作,剧情,科幻",2011-05-25,319268,8.2,"詹姆斯·麦卡沃伊,迈克尔·法斯宾德,凯文·贝肯,詹妮弗·劳伦斯,罗丝·伯恩,尼古拉斯·霍尔特,贝丝·戈达德,摩根·莉莉,劳伦斯·布莱切,比尔·米尔纳,佐伊·克罗维兹,卡赖伯·兰德里·琼斯,卢卡斯·提尔,奥利弗·普莱特,亚历克斯·冈萨雷斯,杰森·弗莱明,詹纽瑞·琼斯,艾迪·盖瑟吉,克里·约翰逊,迪米特里·格里特萨斯,格伦·莫肖尔,马特·克拉文,詹姆斯·瑞马尔,路德格·皮斯特,威尔弗里德·霍赫霍尔丁格,格雷戈·科尔帕克奇,安德瑞扎亚茨,拉德·舍博德兹加,雷·怀斯,迈克尔·麦迪罗斯,奥莱克·克鲁帕,吉恩·法贝尔,詹姆斯·福克纳,伊娃·马格亚,安娜贝拉·沃丽丝,大卫·科罗,萨莎·皮特丝,布兰登·费尔,迈克尔·艾恩塞德,杰森·贝盖,托尼·库兰,兰道尔·巴蒂尼科夫,彼得·斯塔克,尼尔·芬格尔顿,乔格·尼可洛夫,阿瑟·达尔比尼扬,拉斯科·阿特金斯,查尔斯·L·坎贝尔,格拉姆·柯里,丽贝卡·沃尔什,肖恩·赫拉多,休·杰克曼,Hannah-joy Lewis,特蕾莎·马奥尼,劳拉·让·马什,吉姆·麦司奇门,丽贝卡·罗梅恩,艾丽西娅·维拉-贝利,多米尼卡·范·桑滕"
黑衣人,"动作,喜剧,科幻",1997-07-02,313519,8.2,"威尔·史密斯,汤米·李·琼斯,琳达·费奥伦蒂诺,文森特·多诺费奥,雷普·汤恩,托尼·夏尔赫布,卡雷尔·斯特鲁基,弗瑞德里克·林恩,查尔斯·C·史蒂文森,理查德-汉密尔顿,迈克·努斯鲍姆,丹尼·德维托,史蒂文·斯皮尔伯格,强·格瑞斯,希博汗·法隆,大卫·克罗斯,乔治·卢卡斯,Mushu"
师父,"剧情,动作,武侠",2015-12-10,307511,8.2,"廖凡,宋佳,蒋雯丽,金士杰,宋洋,黄觉,麦迪娜,张傲月,马君,陈观泰,熊欣欣,戴立忍,裘继戎,李博,邹家豪,卡丽娜,赵贵祥,李春遂,张蒙生,彭志,刘洪林,王宝山,刘子威,陈韦然,赵峥,李桂生,薄冰,谢勇,尚言生,杨晓波,刘妙,艾琳,刘新义,安东·夏波瓦洛,李一明,李光复,闫长海,杜月,高肖雅,鲁冠廷,柳青伶,崔陆萌,王星凯,冯启龙,任思扬,秦伯坤,赵英龙,徐悦,陈大成,达伦·格罗夫纳,乔鸣麟"
超人总动员,"喜剧,动作,动画,冒险",2005-01-28,280556,8.2,"格雷格·T·尼尔森,霍利·亨特,塞缪尔·杰克逊,杰森·李,泰迪·牛顿,华莱士·肖恩,蔡康永,布拉德·伯德,徐熙娣,陈佩斯,莎拉·沃威尔,Spencer Fox,姜文,宫迫博之,徐帆,斯蒂芬·沙弗,Dmitry Pomirchy,Ricardo Gray,马克∙安德鲁斯,巴德·乐凯,鲍勃·彼德森,彼得·孙,泰德·马托特"
老男孩,"剧情,动作,悬疑,惊悚",2003-11-21,272716,8.2,"崔岷植,刘智泰,姜惠贞,金秉玉,吴达洙,李胜欣,尹珍序,池大汉,吴泰景,柳演锡,李代延,吴光禄,朴明申,龙伊,玛丽·德文,克里斯平·弗里曼,史蒂夫·克莱默,雪莉·琳恩,迈克尔·麦康诺希,斯蒂芬妮·社,柯克·桑顿,凯瑞·华格伦,刘日汉,赵相庆"
我，机器人,"动作,悬疑,科幻,惊悚",2004-07-16,258428,8.2,"威尔·史密斯,布里吉特·莫伊纳汉,艾伦·图代克,詹姆斯·克伦威尔,布鲁斯·格林伍德,齐·麦克布赖德,杰瑞·瓦塞尔曼,彼得·新田,特瑞·陈,戴维·哈索姆,阿伦·道格拉斯,艾米丽·坦南特,希亚·拉博夫,Tiffany Lyndall-Knight,安吉拉·穆尔,Aaron Joseph,西蒙·本克,菲利普·米切尔,琳娜·泽格,贾斯汀·罗杰斯豪尔"
碟中谍,"动作,冒险,惊悚",1996-05-22,241538,8.2,"汤姆·克鲁斯,强·沃特,艾曼纽·贝阿,亨利·科泽尼,让·雷诺,文·瑞姆斯,克里斯汀·斯科特·托马斯,瓦妮莎·雷德格雷夫,茵格保加·达坤耐特,瓦伦蒂娜·雅库尼亚,马雷克·瓦苏特,John McLaughlin,罗尔夫·萨克森,卡雷尔·多布雷,安德雷斯·魏斯涅夫斯基,Gaston Subert,里科·罗斯,Bob Friend,安娜贝尔·穆利恩,加里克·哈根,Jirina Trebická,山姆·道格拉斯,奥莱加·费多罗,大卫·施奈德,海伦·林赛,兰德尔·保罗,迈克尔·罗杰斯,劳拉·布鲁克,梅丽莎·纳奇布尔,扬·卡拉米特鲁,代尔·戴,马塞尔·尤勒斯,基思·坎贝尔,艾米利奥·艾斯特维兹,哈里·弗雷德尔,约翰·诺尔"
孤胆特工,"剧情,动作,犯罪,惊悚",2011-09-16,193307,8.2,"元斌,金赛纶,坦纳永·王特拉库,金太勋,金熙元,宋永彰,李宗弼,金成伍,金孝书,白秀莲,郭度沅,洪晓熙,金英雅,朴晟泽,徐东锡,郑敏圣,黄民浩,魏智雄,柳妍美,柳义贤,郑道元,韩根燮,李道谦,赵在允,李才元"
终结者,"动作,科幻,惊悚",1984-10-26,191004,8.2,"阿诺·施瓦辛格,迈克尔·比恩,琳达·汉密尔顿,保罗·温菲尔德,兰斯·亨利克森,里克·罗索维奇,贝丝·莫塔,阿尔·伯恩,迪克·米勒,弗兰科·哥伦布,比尔·帕克斯顿,布莱恩·汤普森,小威廉·威谢尔,菲利普·戈登,哈丽特·梅丁,玛丽安妮·穆勒雷尔,达雷尔·马普森,斯坦·耶尔,Norman Friedman,Barbara Powers,Chino 'Fats' Williams,童自荣,户田惠子"
空中监狱,"剧情,动作,犯罪,惊悚",1997-06-06,173980,8.2,"尼古拉斯·凯奇,约翰·库萨克,约翰·马尔科维奇,文·瑞姆斯,科尔姆·米尼,麦凯尔泰·威廉逊,尼克·齐兰德,大卫·查普尔,雷切尔·蒂科汀,史蒂夫·布西密,丹尼·特雷霍,迈克·康纳·盖尼,兰德里·阿尔伯特,莫妮卡·波特,杰西·博雷格,何塞·祖尼加,耐德·巴拉米,约翰·罗斯留斯,弗瑞德里克·林恩,安吉拉·范泽斯通,道格·休切逊,大卫·莱姆希,埃米里奥·瑞弗拉,格雷格·科林斯,唐·戴维斯,雷诺里·圣地亚哥,布伦丹·凯利,马里奥罗伯茨,Ty Granderson Jones,Earl Billings,Billy Devlin,马克·金特尔,小托马斯·罗萨莱斯,埃迪·佩雷斯,杰夫·奥尔森,马蒂·麦克索利,布莱恩·库瑞,Barbara Sharma,鲍勃·斯蒂芬森,皮特·安蒂克,吉尔伯特·罗萨莱斯,斯科特·罗森伯格,约翰·迪尔,Christopher Robin Hood,鲍沃斯·布斯,Scott Ditty,克里斯·埃里斯,康拉德·古德,戴布思·格里尔,凯文·盖奇,Marco Kyris,Kira Burt,凯文·库尼,马修·巴里,Carl Ciarfalio,丹尼斯·伯克利"
升级,"动作,科幻,惊悚",2018-03-10,150322,8.2,"罗根·马歇尔-格林,梅拉里·沃列何,哈里森·吉尔伯特森,本尼迪克·哈迪,克里斯托弗·卡比,理查德·考索恩,琳达·克罗珀,贝蒂·加布里埃尔,罗斯科·坎贝尔,理查德·阿纳斯塔西奥斯,史蒂夫·丹尼尔森,迈克尔·M·福斯特,雷纳·加拉赫,克莱顿·雅各布森,萨钦·乔伯,西蒙·梅登,道格拉斯·恩布里,利亚姆·豪沃思,曼乔特·贾萨尔"
真实的谎言,"喜剧,动作,惊悚",1995-04-20,147294,8.2,"阿诺·施瓦辛格,杰米·李·柯蒂斯,汤姆·阿诺德,比尔·帕克斯顿,蒂亚·卡雷尔,阿特·马里克,艾丽莎·杜什库,格兰特·赫斯洛夫,查尔顿·赫斯顿,马绍尔·曼尼什,詹姆斯·艾伦,迪特尔·劳特尔,简·莫里斯,卡齐·查普尔,克丽丝蒂娜·怀勒,奥弗·萨姆拉,查利·皮切尔尼,克里斯塔尔·查佩尔,查尔斯·A·坦伯罗,约翰·布鲁诺"
买凶拍人,"犯罪,动作,喜剧",2001-08-16,137657,8.2,"葛民辉,张达明,詹瑞文,樋口明日嘉,陈惠敏,方子璇,陈辉虹,缪非临,刘以达,林雪,邵音音,王合喜,毕国智,周兆麟,汤盈盈,范振锋,于洋,王文骏,彭浩翔,萧洪,方平,茜利妹,潘雁英,彭秀慧,兰茜,林尚义,郑祖,张咏妍,李道谕,徐志雄,曾德华"
黄飞鸿之二：男儿当自强,"剧情,动作,爱情,武侠,古装",1992-04-16,124483,8.2,"李连杰,关之琳,甄子丹,莫少聪,姜大卫,熊欣欣,张铁林,任世官,邓泰和,陈文雄,周树基,江全,秦贵宝,麦克·里德,何家驹,林迪安,朱继生"
电影名称,类型,上映日期,评价数,评分,主演
勇敢者的游戏,"动作,奇幻,冒险",1995-12-15,123146,8.2,"罗宾·威廉姆斯,乔纳森·海德,克斯汀·邓斯特,布莱德利·皮尔斯,派翠西娅·克拉克森,邦尼·亨特,弗兰克·维尔克,詹姆斯·汉迪,马尔科姆·斯图尔特,吉莲·芭伯,劳拉·贝尔·邦迪,亚当·汉拜德,大卫·艾兰·格里尔,毕比·诺维尔什"
铁雨,"动作,惊悚",2017-12-14,118524,8.2,"郑雨盛,郭度沅,金甲洙,金义城,李璟荣,赵祐镇,郑元中,张铉诚,金明坤,朴恩惠,朴善英,元真儿,李润健,金亨宗,金芝荷,罗光旭,玄奉植,金基贤,金泰汉,克里斯汀·达尔顿,安德烈亚斯·弗龙克,丹尼尔·乔伊·奥尔布赖特,成民秀,陈阳旭,郑钟宇,乔恩林,延素金,白钟焕,李煌义,金永今,全英美,权韩率,高娜熙,权范泽,姜德重,郑美景,李芷媛,吴敏俊,瑞安·毛瑞尔,金永,崔贤钟,申载敏,金基政,李喜元,李时宇,朴尚赫,金韩民,韩昌贤,朴珉熙,孙成灿,金重基,李在勇,韩汝云,罗恩·多纳基,崔圭换,李彩殷"
生死时速,"动作,犯罪,惊悚,冒险",1994-06-10,115074,8.2,"基努·里维斯,桑德拉·布洛克,丹尼斯·霍珀,乔·莫顿,杰夫·丹尼尔斯,阿兰·卢克,格伦·普拉默,丹尼尔·比利亚雷亚尔,贝丝·格兰特,乔丹·朗德,理查德·梅尔豪斯,派特里克·费斯克勒,Patrick John Hurley,Anne O'Sullivan,博斯塔尔,约翰·卡波迪斯,小托马斯·罗萨莱斯,詹姆斯·杜蒙特,Antonio Mora,Mark Kriski,Dagny Hultgreen,理查德·希夫,桑迪·马丁,Jim Mapp,Loyda Ramos,朱莉娅·维拉,Randy Algoe,维罗尼卡·卡维特,马克·戈登,Craig Hosking,J. David Jones,Christopher C. Murphy,迈克尔·塔姆布洛,Eddie Yansick,户田惠子,弥尔顿·奎,沈晓谦"
星球大战前传1：幽灵的威胁,"动作,科幻,冒险",1999-11-05,114826,8.2,"连姆·尼森,伊万·麦克格雷格,娜塔莉·波特曼,杰克·洛伊德,伊恩·麦克迪阿梅德,潘妮拉·奥古斯特,奥利弗·福德·戴维斯,阿梅德·贝斯特,安东尼·丹尼尔斯,肯尼·贝克,弗兰克·奥兹,特伦斯·斯坦普,布耐恩·布莱塞得,安德鲁·斯考姆比,休·夸希,洛尔恩·彼得森,莎莉·霍金斯,马克·凯奥耶,琳赛·邓肯,特里莎·比格,凯拉·奈特莉,塞缪尔·杰克逊,索菲亚·科波拉,凯蒂·卢卡斯,彼得·塞拉菲诺威茨,哈萨尼·沙皮,雷·帕克,布罗娜·加拉赫,Ned Gorman,瑞克·麦克勒姆,斯科特·斯奎尔斯,Michelle Taylor,格雷格·普罗普斯,多米尼克·韦斯特,本内迪克特·泰勒,西莉亚·伊姆里,史蒂夫·斯皮尔斯,沃维克·戴维斯,约翰·诺尔"
国家公敌,"动作,剧情,惊悚",1998-11-20,108275,8.2,"威尔·史密斯,吉恩·哈克曼,强·沃特,莉莎·博内特,雷吉娜·金,斯图亚特·维尔森,劳拉·凯洛蒂,劳恩·迪恩,巴里·佩珀,伊恩·哈特,杰克·布塞,斯科特·凯恩,杰森·李,加布里埃尔·伯恩,詹姆斯·勒格罗,丹·巴特勒,杰克·布莱克,杰米·肯尼迪,博德希·埃夫曼,安娜·冈,加斯查·华盛顿,汤姆·塞兹摩尔,Eric Olson,Pete Sutton,Paul Majors,Tom Quinn,Joshua Ward,伊莉卡·帕米尔坦,Alexis McCombs,沈晓谦,拉里·金,Jacob Chambers,童自荣,Eddie Hargitay,Philip Stamper,武玉,詹姆斯·亨特,菲尔霍恩,阿瑟·J·纳斯加勒拉,杰森·罗巴兹,李洛·布兰卡托,赛斯·格林,弗兰克·梅德拉诺,伊万娜·米利塞维奇,卡洛斯·戈麦斯,约翰·塞纳迭姆博,Paul M. Clary,Lennox Brown,格雷格·科林斯,约翰·卡波迪斯,Jim Beatty,菲利普·贝克·霍尔,格兰特·赫斯洛夫,保罗·赫尔曼"
未知死亡,"动作,剧情,悬疑,爱情,惊悚",2008-12-25,100471,8.2,"阿米尔·汗,缇努·阿南德,阿辛,吉雅·罕"
热血高校2,动作,2009-04-11,92908,8.2,"小栗旬,矢部享佑,黑木美沙,金子统昭,三浦春马,高冈奏辅,山田孝之,阿部亮平,阿部进之介,青木健,绫野刚,大东骏介,远藤要,远藤宪一,深水元基,桥爪辽,一之濑亘,伊崎央登,伊崎右典,上地雄辅,桐谷健太,岸谷五朗,小柳友,增本庄一郎,松重丰,波冈一喜,诹访太朗,铃之助,高桥努,蕨野友也,大口兼悟,哀川翔,平间壮一,安藤彰则,桥爪功"
虎胆龙威,"动作,犯罪,惊悚",1988-07-20,78009,8.2,"布鲁斯·威利斯,邦妮·比蒂丽娅,雷金纳德·维尔约翰逊,保罗·格里森,威廉·阿瑟东,哈特·巴克纳,詹姆斯·繁田,艾伦·瑞克曼,亚历山大·乔杜诺夫,安德雷斯·魏斯涅夫斯基,小克拉伦斯·吉尔亚德,Lorenzo Caccialanza,丹尼斯海顿,阿尔·梁,Gary Roberts,Hans Buhringer,威赫姆·冯·霍姆伯格,罗伯特·戴维,格兰德·L·布什,里克·杜科蒙,Matt Landers,Anthony Peck,玛丽·艾伦·特雷纳,Harri James,Selma Archerd,瑞贝卡·布罗萨德,Kym Malin,泰勒·弗里,特雷西赖纳,罗伯特·莱萨,Terri Lynn Doss,Conrad Hurtt,T.J. Jones,查利·皮切尔尼"
枪王,"动作,犯罪",2000-05-27,72636,8.2,"张国荣,方中信,黄卓玲,陈法蓉,谷德昭,陈望华,蔡业信,蔡坚成,古炳杰,方平,张旭燊"
夺宝奇兵3,"剧情,动作,奇幻,冒险",1989-05-24,63642,8.2,"哈里森·福特,肖恩·康纳利,丹霍姆·艾略特,瑞凡·菲尼克斯,约翰·瑞斯-戴维斯,艾莉森·杜迪,弗农·多布切夫,帕特·罗奇,迈克尔·谢尔德,罗纳德·莱西,伊斯拉·布莱尔,阿列克谢·赛尔,妮娜·阿姆斯特朗,Nick Gillard,尤金·里皮斯基,朱利安·格洛弗,迈克尔·伯恩,布拉德利·格雷格"
浪客剑心：传说的完结篇,"剧情,动作",2014-09-13,49250,8.2,"佐藤健,武井咲,伊势谷友介,青木崇高,苍井优,神木隆之介,田中泯,小泽征悦,大八木凯斗,高桥玛莉润,三浦涼介,江口洋介,泷藤贤一,藤原龙也,福山雅治,宫泽和史,丸山智己,村田充,土屋太凤,屋敷纮子,福崎那由他"
喋血街头,"剧情,动作,犯罪,惊悚",1990-08-17,47513,8.2,"梁朝伟,张学友,李子雄,任达华,甄楚倩,袁洁莹,鲍起静,吴宇森,林志泰,李耀景,张兆,徐广林,杜伟和,黄伟辉,林华勋,林富伟,曾近荣,刘锡贤,苏杏璇,刘志豪,张兆"
处刑人,"动作,犯罪,剧情,惊悚",1999-08-04,46008,8.2,"威廉·达福,肖恩·派特里克·弗兰纳里,诺曼·瑞杜斯,大卫·德拉·洛可,比利·康诺利,大卫·费里,布莱恩·马霍尼,巴布·马利,多特-玛丽·琼斯,杰拉德·帕克斯,伊丽莎白·桑德斯,杰夫瑞·R·史密斯,乔纳森·希金斯,卡尔洛·罗塔,罗恩·杰里米,Tom Barnett,珍娜·法音,塞尔吉奥·齐奥,Jimmy Tingle,Christopher Flockton,乔·平格,凯文·查普曼,唐·卡莫迪,Nathan Amondson,特洛伊·达菲,托德·施罗德,Michael Yavnielli"
雌雄大盗,"动作,传记,犯罪",1967-08-13,44225,8.2,"沃伦·比蒂,费·唐纳薇,迈克尔·波拉德,吉恩·哈克曼,埃斯特尔·帕森斯,吉恩·怀尔德,丹佛·派尔,德博泰勒"
野战排,"动作,剧情,战争",1986-12-19,41387,8.2,"威廉·达福,查理·辛,汤姆·贝伦杰,凯斯·大卫,凯文·狄龙,马克·摩斯,约翰尼·德普,福里斯特·惠特克,理查德·埃德森,奥利佛·斯通,托尼·托德"
爱国者,"动作,剧情,战争",2000-06-28,34578,8.2,"梅尔·吉布森,希斯·莱杰,乔莉·理查德森,詹森·艾萨克,克里斯·库珀,丽莎·布瑞纳,汤姆·威尔金森,罗根·勒曼,帕特里克·塔特普洛斯,特拉沃·摩根,丝凯·麦柯·巴楚沙,Matthew Mebane,切基·卡尤,皮特·伍德瓦德"
少年菀得,"剧情,动作,运动",2011-10-20,29401,8.2,"刘亚仁,金允石,金相浩,李率求,尹敬浩,安吉江,利禹镇"
龙门客栈,"动作,冒险,武侠,古装",1967-10-21,17617,8.2,"上官灵凤,石隽,苗天,徐枫,韩英杰,田鹏,田丰,白鹰,焦姣,郝履仁,曹健,葛小宝,薛汉,黄宗迅,万重山,张佩山,徐二牛,鲁直,高明,刘楚,高飞,张允文,洪化郎"
洛奇3,"动作,剧情,运动",1982-05-28,14332,8.2,"西尔维斯特·史泰龙,塔莉娅·夏尔,波特·杨,卡尔·韦瑟斯,劳伦斯·特劳德,弗兰克·史泰龙,鲍勃·米诺,Al Silvani,Stu Nahan,Patti Negri,LeRoy Neiman,George O'Mara,Eddie Smith,Chino 'Fats' Williams,Gilbert B. Combs,James M. Halty,Julius LeFlore,查尔斯·A·坦伯罗,Jeff Temkin,马里奥·马卡多,Jimmy Lennon Sr.,浩克·霍根,布吉斯·梅迪斯,比尔·鲍德温,Jim Hill,大卫·R·艾里斯,Sasha Czack,Philmore Berger,Dennis James,Tom Lawrence,Jim Healy,比利·汉克·胡克,伊恩·弗里德,Lou Fillipo,Jophery C. Brown,托尼·伯顿"
老人Z,"动作,动画,喜剧,科幻",1991-09-14,8587,8.2,"横山智佐,小川真司,近石真介,槐柳二,青野武,辻谷耕史,佐藤智惠,松本梨香,大宫悌二,大木民夫,齐藤昌,绪方贤一,岛田敏,长岛雄一,森川智之,高木涉,山崎巧,喜多川拓郎,泷泽久美子,奈杰尔·安东尼"
